row_no,certifier,cert_no,building_name,eval_date,evaluator,location,use,tool_version,rank,other_date,flag,building_name_en,location_en,use_en,tokyo_ward,full_address,latitude,longitude
4,（一財）住宅・建築SDGs推進センター,IBEC-C0004-EB,ゲートシティ大崎,2005-09-07,ゲートシティ大崎業務商業棟全体管理組合 理事長 丹羽守裕,東京都品川区,事務所・物販店・飲食店,CASBEE-既存（2004年版）／運用,S,2010-09-06,1.0,Gate City Osaki,"Shinagawa Ward, Tokyo","Offices, retail stores, restaurants",Shinagawa,"Shinagawa Ward, Tokyo, Tokyo, Japan",35.6092008,139.7301982
5,（一財）住宅・建築SDGs推進センター,IBEC-C0005-NC(c),竹中工務店東京本店,2005-09-07,(株)竹中工務店 東京本店取締役本店長 羽田碩幸,東京都江東区,事務所,CASBEE-新築（2004年版）／竣工,S,2007-09-29,1.0,Takenaka Corporation Tokyo Main Branch,"Koto Ward, Tokyo",office,Koto,"Koto Ward, Tokyo, Tokyo, Japan",35.6541912,139.7952595
10,（一財）住宅・建築SDGs推進センター,IBEC-C0010-NC(ｃ),銀座三井ビルディング,2006-05-09,三井不動産(株) 代表取締役社長 岩沙 弘道,東京都中央区,事務所・ホテル,CASBEE-新築（2004年版）／竣工,S,2008-09-29,1.0,Ginza Mitsui Building,"Chuo Ward, Tokyo",Office/Hotel,Chuo,"Chuo Ward, Tokyo, Tokyo, Japan",35.6878375,139.7893648
13,（一財）住宅・建築SDGs推進センター,IBEC-C0013-RN(ｂ),松田平田設計本社ビル,2006-08-28,(株)松田平田設計 代表取締役社長 中園 正樹,東京都港区,事務所,CASBEE-改修（2005年版）／実施設計,S,2009-08-29,1.0,Matsuda Hirata Design Head Office Building,"Minato Ward, Tokyo",office,Minato,"Minato Ward, Tokyo, Tokyo, Japan",35.6331419,139.7357806
14,（一財）住宅・建築SDGs推進センター,IBEC-C0014-NC(c),日本橋三井タワー,2006-10-10,三井不動産(株) 代表取締役社長 岩沙 弘道,東京都中央区,事務所・ホテル,CASBEE-新築（2004年版）／竣工,S,2008-07-29,1.0,Nihonbashi Mitsui Tower,"Chuo Ward, Tokyo",Office/Hotel,Chuo,"Chuo Ward, Tokyo, Tokyo, Japan",35.6878375,139.7893648
24,（一財）住宅・建築SDGs推進センター,IBEC-C0024-NC(c),イオンモールむさし村山ミュー,2008-03-06,イオンモール(株) 代表取締役社長 村上 教行,東京都武蔵村山市,物販店・飲食店・集会所,CASBEE-新築（2006年版）／竣工,A,2009-11-12,1.0,Aeon Mall Musashi Murayama Mu,"Musashimurayama City, Tokyo","Merchandise stores, restaurants, meeting places",,"Musashimurayama City, Tokyo, Tokyo, Japan",35.7551878,139.3875169
30,（一財）住宅・建築SDGs推進センター,IBEC-C0030-NC(b),レクセルプラザ篠崎,2008-08-01,扶桑レクセル（株）　代表取締役社長　中村　護,東京都江戸川区,集合住宅,CASBEE-新築（2006年版）／実施,B+,2011-03-05,1.0,Lexel Plaza Shinozaki,"Edogawa Ward, Tokyo",apartment complex,Edogawa,"Edogawa Ward, Tokyo, Tokyo, Japan",35.7066318,139.868677
34,（一財）住宅・建築SDGs推進センター,IBEC-C0034-NC(b),レクセルガーデン北綾瀬,2008-08-28,扶桑レクセル（株）　代表取締役社長　中村　護,東京都足立区,集合住宅,CASBEE-新築（2006年版）／実施,B+,2011-01-23,1.0,Rexel Garden Kitaayase,"Adachi Ward, Tokyo",apartment complex,Adachi,"Adachi Ward, Tokyo, Tokyo, Japan",35.7746029,139.8045163
35,日本ERI(株),第ERICAS080002NC号,レクセル日暮里新築工事,2008-09-09,扶桑レクセル株式会社　代表取締役社長　中村護,東京都荒川区,集合住宅,CASBEE-新築（2006年版）／実施設計,B+,2011-08-28,1.0,Lexel Nippori new construction work,"Arakawa Ward, Tokyo",apartment complex,Arakawa,"Arakawa Ward, Tokyo, Tokyo, Japan",35.737529,139.78131
48,（一財）住宅・建築SDGs推進センター,IBEC-C0041-RN,学校法人東洋学園 本郷キャンパス4号館,2008-12-22,学校法人東洋学園　理事長　江澤　雄一,東京都文京区,学校,CASBEE-改修（2006年版）／竣工,C,2013-12-21,1.0,Toyo Gakuen Educational Corporation Hongo Campus Building 4,"Bunkyo Ward, Tokyo",school,Bunkyo,"Bunkyo Ward, Tokyo, Tokyo, Japan",35.5387008,139.4334397
49,（一財）住宅・建築SDGs推進センター,IBEC-C0042-NC(b),レクセルグランデ綾瀬,2008-12-22,扶桑レクセル(株)　代表取締役社長　山口　陽,東京都葛飾区,集合住宅,CASBEE-新築（2006年版）／実施,B+,2011-03-23,1.0,Lexel Grande Ayase,"Katsushika Ward, Tokyo",apartment complex,Katsushika,"Katsushika Ward, Tokyo, Tokyo, Japan",35.7433912,139.8473472
52,（一財）住宅・建築SDGs推進センター,IBEC-C0044-NC(b),グランレグナス,2009-01-16,扶桑レクセル(株)　代表取締役社長　山口　陽／(株)グローベルス　代表取締役社長　久永　真一,東京都八王子市,集合住宅,CASBEE-新築（2006年版）／実施,B+,2011-02-21,1.0,Gran Regnus,"Hachioji City, Tokyo",apartment complex,,"Hachioji City, Tokyo, Tokyo, Japan",35.666412,139.3160567
59,(一財)ベターリビング,CBL-CAS建築-0006-08,レクセル高田馬場,2009-02-20,扶桑レクセル株式会社,東京都新宿区,集合住宅,CASBEE-新築（2006年版）／実施設計段階,B+,2012-03-24,1.0,Lexel Takadanobaba,"Shinjuku Ward, Tokyo",apartment complex,Shinjuku,"Shinjuku Ward, Tokyo, Tokyo, Japan",35.6937632,139.7036319
60,（一財）住宅・建築SDGs推進センター,IBEC-C0046-NCb(c),NBF豊洲ガーデンフロント,2009-03-10,日本ビルファンド投資法人　執行役員　阿部　定文,東京都江東区,事務所,CASBEE-新築（簡易版）（2006年版）／竣工,A,2010-09-29,1.0,NBF Toyosu Garden Front,"Koto Ward, Tokyo",office,Koto,"Koto Ward, Tokyo, Tokyo, Japan",35.6541912,139.7952595
61,(一財)日本建築センター,BCJ-CAS0001-NC(c),汐留ビルディング,2009-03-27,三菱UFJ信託銀行株式会社,東京都港区,事務所・飲食店,CASBEE-新築（2006年版）／竣工段階,A,2010-12-13,1.0,Shiodome Building,"Minato Ward, Tokyo",Office/restaurant,Minato,"Minato Ward, Tokyo, Tokyo, Japan",35.6331419,139.7357806
64,(一財)ベターリビング,CBL-CAS建築-0001-09,平和島トーセイビル,2009-05-12,トーセイ株式会社,東京都大田区,事務所,CASBEE-新築（2008年版）／竣工段階,A,2012-02-12,1.0,Heiwajima Tosei Building,"Ota Ward, Tokyo",office,Ota,"Ota Ward, Tokyo, Tokyo, Japan",35.5645998,139.7278262
68,日本ERI(株),第ERICAS090004NC号,東京倶楽部ビルディング,2009-07-22,三井不動産株式会社　代表取締役社長　岩沙弘道／社団法人東京倶楽部　理事長　吉澤建治,東京都千代田区,事務所・飲食店,CASBEE-新築（2006年版）／竣工段階,S,2010-09-30,1.0,Tokyo Club Building,"Chiyoda Ward, Tokyo",Office/restaurant,Chiyoda,"Chiyoda Ward, Tokyo, Tokyo, Japan",35.6938097,139.7532163
69,SBIアーキクオリティ(株),SBIAQCK-010800073,三田M-SQUARE,2009-07-31,三井不動産株式会社　ビルディング事業第二部長　宮田　歩,東京都港区,事務所,CASBEE-新築（2006年版）／竣工段階,A,2011-01-30,1.0,MitaM-SQUARE,"Minato Ward, Tokyo",office,Minato,"Minato Ward, Tokyo, Tokyo, Japan",35.6331419,139.7357806
70,SBIアーキクオリティ(株),SBIAQCK-010800082,在日フランス大使館新事務所棟,2009-07-31,在日フランス大使館 駐日フランス大使 フィリップ・フォール,東京都港区,事務所,CASBEE-新築（2008年版）／実施設計段階,S,2012-10-14,1.0,New office building of the French Embassy in Japan,"Minato Ward, Tokyo",office,Minato,"Minato Ward, Tokyo, Tokyo, Japan",35.6331419,139.7357806
71,日本ERI(株),第ERICAS090005NC号,サピアタワー,2009-08-25,東日本旅客鉄道株式会社　代表取締役副社長　新井良亮,東京都千代田区,事務所・ホテル・集会所・工場（駐車場）,CASBEE-新築（2008年版）／竣工段階,S,2010-03-07,1.0,Sapir Tower,"Chiyoda Ward, Tokyo","Offices, hotels, meeting halls, factories (parking lots)",Chiyoda,"Chiyoda Ward, Tokyo, Tokyo, Japan",35.6938097,139.7532163
72,日本ERI(株),第ERICAS090006NC号,青山OM-SQUARE,2009-08-27,有限会社コーラス・プロパティ,東京都港区,事務所,CASBEE-新築（2006年版）／竣工段階,S,2011-07-10,1.0,Aoyama OM-SQUARE,"Minato Ward, Tokyo",office,Minato,"Minato Ward, Tokyo, Tokyo, Japan",35.6331419,139.7357806
73,(一財)日本建築センター,BCJ-CAS0002-NC(c),THE TOKYO TOWERS,2009-09-11,勝六再開発株式会社,東京都中央区,集合住宅,CASBEE-新築（2006年版）／竣工段階,A,2011-01-30,1.0,THE TOKYO TOWERS,"Chuo Ward, Tokyo",apartment complex,Chuo,"Chuo Ward, Tokyo, Tokyo, Japan",35.6878375,139.7893648
74,日本ERI(株),第ERICAS090007NC号,IXINAL門前仲町,2009-09-16,伊藤忠都市開発株式会社　総合開発事業部長　甲本佳徳／伊藤忠商事株式会社　建設第一部長　松典男,東京都江東区,事務所,CASBEE-新築（2008年版）／実施設計段階,A,2012-09-29,1.0,IXINAL Monzennakacho,"Koto Ward, Tokyo",office,Koto,"Koto Ward, Tokyo, Tokyo, Japan",35.6541912,139.7952595
75,(一財)ベターリビング,CBL-CAS建築-0003-09,AMB新木場ディストリビューションセンター,2009-09-28,AMB新木場特定目的会社,東京都江東区,工場,CASBEE-既存（簡易版）（2009年版）,A,2014-09-27,1.0,AMB Shinkiba Distribution Center,"Koto Ward, Tokyo",factory,Koto,"Koto Ward, Tokyo, Tokyo, Japan",35.6541912,139.7952595
76,(一財)ベターリビング,CBL-CAS建築-0008-08,鹿島赤坂別館,2009-10-26,鹿島建設株式会社,東京都港区,事務所・集合住宅,CASBEE-新築（2008年版）／竣工段階,S,2010-07-24,1.0,Kashima Akasaka Annex,"Minato Ward, Tokyo",Offices/Apartments,Minato,"Minato Ward, Tokyo, Tokyo, Japan",35.6331419,139.7357806
78,SBIアーキクオリティ(株),SBIAQCK-010900072,芝浦ルネサイトタワー,2009-11-20,株式会社新日鉄都市開発　取締役都市開発部長　松本久長／日本土地建物株式会社　取締役常務執行役員　都市開発第一部長　岡山宗康 ,東京都港区,事務所,CASBEE-新築（2008年版）／実施設計段階,A,2012-03-30,1.0,Shibaura Renesight Tower,"Minato Ward, Tokyo",office,Minato,"Minato Ward, Tokyo, Tokyo, Japan",35.6331419,139.7357806
81,(一財)日本建築センター,BCJ-CAS0003-NC(b),PMO秋葉原,2009-12-08,野村不動産株式会社法人カンパニー,東京都千代田区,事務所,CASBEE-新築（2008年版）／実施設計段階,A,2013-01-31,1.0,PMO Akihabara,"Chiyoda Ward, Tokyo",office,Chiyoda,"Chiyoda Ward, Tokyo, Tokyo, Japan",35.6938097,139.7532163
82,(一財)日本建築センター,BCJ-CAS0004-NC(b),二子玉川ライズ タワー&レジデンス,2009-12-15,二子玉川東地区市街地再開発組合,東京都世田谷区,集合住宅・駐車場,CASBEE-新築（2006年版）／実施設計段階,A,2013-07-31,1.0,Futakotamagawa Rise Tower & Residence,"Setagaya Ward, Tokyo",Apartment complex/parking lot,Setagaya,"Setagaya Ward, Tokyo, Tokyo, Japan",35.6588346,139.6561511
85,(一財)ベターリビング,CBL-CAS建築-0006-09,蒲田トーセイビル,2009-12-22,トーセイ株式会社,東京都大田区,事務所,CASBEE-新築（2008年版）／実施設計段階,A,2013-05-30,1.0,Kamata Tosei Building,"Ota Ward, Tokyo",office,Ota,"Ota Ward, Tokyo, Tokyo, Japan",35.5645998,139.7278262
86,日本ERI(株),第ERICAS090009NC号,平河町森タワー,2010-01-15,平河町二丁目東部南地区市街地再開発組合　　理事長　荒井京一,東京都千代田区,事務所・集合住宅,CASBEE-新築（2008年版）／実施設計段階,S,2012-12-06,1.0,Hirakawacho Mori Tower,"Chiyoda Ward, Tokyo",Offices/Apartments,Chiyoda,"Chiyoda Ward, Tokyo, Tokyo, Japan",35.6938097,139.7532163
88,(一財)日本建築センター,BCJ-CAS0005-NC(c),赤坂タワーレジデンス,2010-02-05,株式会社サンウッド／東急不動産株式会社／株式会社竹中工務店東京本店／森ビル株式会社,東京都港区,集合住宅,CASBEE-新築（2008年版）／竣工段階,S,2011-07-24,1.0,Akasaka Tower Residence,"Minato Ward, Tokyo",apartment complex,Minato,"Minato Ward, Tokyo, Tokyo, Japan",35.6331419,139.7357806
92,ビューローベリタスジャパン(株),第BVJ-T09-0002-CAS-NC号,GDC御殿山,2010-03-24,TIS株式会社　IT基盤サービス事業部　IT基盤サービス企画部　部長　田淵　秀,東京都品川区,工場,CASBEE-新築（2008年版）／実施設計段階,S,2014-02-27,1.0,GDC Gotenyama,"Shinagawa Ward, Tokyo",factory,Shinagawa,"Shinagawa Ward, Tokyo, Tokyo, Japan",35.6092008,139.7301982
93,(一財)日本建築センター,BCJ-CAS0007-NC(b)　,PMO八丁堀Ⅱ,2010-03-26,野村不動産株式会社法人カンパニー,東京都中央区,事務所,CASBEE-新築（2008年版）／実施設計段階,A,2013-06-30,1.0,PMO Hatchobori II,"Chuo Ward, Tokyo",office,Chuo,"Chuo Ward, Tokyo, Tokyo, Japan",35.6878375,139.7893648
96,SBIアーキクオリティ(株),SBIAQCK-010900140,ALPS BUILDING,2010-04-27,アルプス電気株式会社　代表取締役社長　片岡　政隆,東京都大田区,事務所,CASBEE-新築（2008年版）／実施設計段階,S,2013-03-30,1.0,ALPS BUILDING,"Ota Ward, Tokyo",office,Ota,"Ota Ward, Tokyo, Tokyo, Japan",35.5645998,139.7278262
98,(一財)日本建築センター,BCJ-CAS0008-NC(c)　,日立神田ビル,2010-05-25,中央商事株式会社,東京都千代田区,事務所,CASBEE-新築（2008年版）／竣工段階,A,2013-03-24,1.0,Hitachi Kanda Building,"Chiyoda Ward, Tokyo",office,Chiyoda,"Chiyoda Ward, Tokyo, Tokyo, Japan",35.6938097,139.7532163
102,(一財)ベターリビング,CBL-CAS建築- 0002-10,虎ノ門・六本木地区第一種市街地再開発事業　施設建築物,2010-07-15,虎ノ門・六本木地区市街地再開発組合,東京都港区,事務所・集合住宅・飲食店・工場（駐車場）,CASBEE-新築（2008年版）／実施設計段階,S,2015-06-29,1.0,Toranomon/Roppongi District Type 1 Urban Redevelopment Project Facility Building,"Minato Ward, Tokyo","Offices, housing complexes, restaurants, factories (parking lots)",Minato,"Minato Ward, Tokyo, Tokyo, Japan",35.6331419,139.7357806
103,(一財)日本建築センター,BCJ-CAS0009-NC(b),PMO秋葉原Ⅱ,2010-07-26,野村不動産株式会社法人カンパニー,東京都千代田区,事務所,CASBEE-新築（2008年版）／実施設計段階,A,2014-01-31,1.0,PMO Akihabara II,"Chiyoda Ward, Tokyo",office,Chiyoda,"Chiyoda Ward, Tokyo, Tokyo, Japan",35.6938097,139.7532163
104,(一財)ベターリビング,CBL-CAS建築- 0003-10,東京国際空港国際線地区旅客ターミナルビル等,2010-07-28,東京国際空港ターミナル株式会社,東京都大田区,集会所・工場・事務所・物販店・飲食店,CASBEE-新築（2008年版）／実施設計段階,S,2013-07-30,1.0,"Tokyo International Airport International Terminal Building, etc.","Ota Ward, Tokyo","Meeting halls, factories, offices, retail stores, restaurants",Ota,"Ota Ward, Tokyo, Tokyo, Japan",35.5645998,139.7278262
108,ビューローベリタスジャパン(株),BVJ-T09-0001CAS-NCb,町田市庁舎,2010-08-31,東京都町田市市長　石阪　丈一,東京都町田市,事務所（庁舎）,CASBEE-新築（簡易版）（2008年版）／実施設計段階,S,2015-06-28,1.0,Machida City Hall,"Machida City, Tokyo",Office (government building),,"Machida City, Tokyo, Tokyo, Japan",35.5440354,139.4550276
109,(一財)ベターリビング,CBL-CAS建築-0007-10,（仮称）大林組技術研究所新本館新築工事,2010-09-16,株式会社大林組,東京都清瀬市,事務所（研究所）,CASBEE-新築（2008年版）／竣工段階,S,2013-09-09,1.0,(tentative name) Obayashi Technology Research Institute new main building construction work,"Kiyose City, Tokyo",Office (research institute),,"Kiyose City, Tokyo, Tokyo, Japan",35.7797255,139.5209834
113,ハウスプラス住宅保証(株),HPCAS-10-00001-1,淡路町二丁目西部地区第一種市街地再開発事業　北街区施設,2010-10-14,淡路町二丁目西部地区市街地再開発組合　理事長　呉　豊良,東京都千代田区,事務所・工場（駐車場）・集合住宅,CASBEE-新築（2008年版）／実施設計段階,A,2016-02-27,1.0,Awajicho 2-chome Western District Type 1 Urban Redevelopment Project North Block Facilities,"Chiyoda Ward, Tokyo","Offices, factories (parking lots), housing complexes",Chiyoda,"Chiyoda Ward, Tokyo, Tokyo, Japan",35.6938097,139.7532163
115,(一財)日本建築センター,BCJ-CAS0010-NC(c),中央労働金庫本店ビル,2010-10-29,中央労働金庫,東京都千代田区,事務所,CASBEE-新築（2008年版）／竣工段階,A,2012-02-27,1.0,Chuo Labor Bank Main Branch Building,"Chiyoda Ward, Tokyo",office,Chiyoda,"Chiyoda Ward, Tokyo, Tokyo, Japan",35.6938097,139.7532163
116,SBIアーキクオリティ(株),SBIAQCK-010900097,八千代銀行本店,2010-10-29,株式会社八千代銀行　取締役頭取　酒井　勲,東京都新宿区,事務所,CASBEE-新築（2008年版）／実施設計段階,S,2013-11-30,1.0,Yachiyo Bank Main Branch,"Shinjuku Ward, Tokyo",office,Shinjuku,"Shinjuku Ward, Tokyo, Tokyo, Japan",35.6937632,139.7036319
117,SBIアーキクオリティ(株),SBIAQCK-011000025,MOMENTO SHIODOME,2010-11-09,東洋海事工業株式会社　代表取締役社長　橋元　照機,東京都港区,事務所・集合住宅,CASBEE-新築（2008年版）／実施設計段階,A,2014-03-30,1.0,MOMENTO SHIODOME,"Minato Ward, Tokyo",Offices/Apartments,Minato,"Minato Ward, Tokyo, Tokyo, Japan",35.6331419,139.7357806
118,（一財）住宅・建築SDGs推進センター,IBEC-C0050-EB,ゲートシティ大崎 （C0004-EBと同一物件の有効期限延長に伴う再認証）,2010-11-12,ゲートシティ大崎業務商業棟全体管理組合　理事長　丹羽　守裕,東京都品川区,事務所（飲食・物販用途を含む）,CASBEE-既存（2008年版）／運用,S,2015-11-11,1.0,Gate City Osaki (Re-certification due to extension of expiration date for the same property as C0004-EB),"Shinagawa Ward, Tokyo",Office (including food and beverage/merchandise use),Shinagawa,"Shinagawa Ward, Tokyo, Tokyo, Japan",35.6092008,139.7301982
121,SBIアーキクオリティ(株),SBIAQCK-011000141,TODA BUILDING 青山,2010-12-22,戸田建設株式会社　代表取締役社長　井上　舜三,東京都港区,事務所,CASBEE-新築（2008年版）／実施設計段階,S,2014-03-30,1.0,TODA BUILDING Aoyama,"Minato Ward, Tokyo",office,Minato,"Minato Ward, Tokyo, Tokyo, Japan",35.6331419,139.7357806
127,SBIアーキクオリティ(株),SBIAQCK-011000175,豊洲キュービックガーデン,2011-02-28,第一生命保険株式会社　代表取締役社長　渡邉　光一郎,東京都江東区,事務所,CASBEE-新築（2008年版）／竣工段階,S,2014-01-30,1.0,Toyosu Cubic Garden,"Koto Ward, Tokyo",office,Koto,"Koto Ward, Tokyo, Tokyo, Japan",35.6541912,139.7952595
128,(一財)ベターリビング,CBL-CAS建築-0013-10,Akasaka K TOWER,2011-03-09,鹿島建設株式会社,東京都港区,事務所・集合住宅・物販店・飲食店,CASBEE-新築（2010年版）／実施設計段階,S,2014-12-30,1.0,Akasaka K TOWER,"Minato Ward, Tokyo","Offices, housing complexes, retail stores, restaurants",Minato,"Minato Ward, Tokyo, Tokyo, Japan",35.6331419,139.7357806
131,(一財)日本建築センター,BCJ-CAS0011-NC(b),PMO日本橋二丁目,2011-03-24,野村不動産株式会社法人カンパニー,東京都中央区,事務所,CASBEE-新築（2010年版）／実施設計段階,A,2014-07-31,1.0,PMO Nihonbashi 2-chome,"Chuo Ward, Tokyo",office,Chuo,"Chuo Ward, Tokyo, Tokyo, Japan",35.6878375,139.7893648
132,ハウスプラス住宅保証(株),HPCAS-11-00001-1,オリックス千駄ヶ谷ビル,2011-03-30,オリックス不動産株式会社　不動産投資事業第一部長　藤沢　洋,東京都渋谷区,事務所,CASBEE-新築（2008年版）／実施設計段階,A,2014-03-30,1.0,Orix Sendagaya Building,"Shibuya Ward, Tokyo",office,Shibuya,"Shibuya Ward, Tokyo, Tokyo, Japan",35.663765,139.6978121
133,(一財)ベターリビング,CBL-CAS建築-0012-10,新菱冷熱工業本社ビル,2011-04-14,新菱冷熱工業株式会社,東京都新宿区,事務所,CASBEE-改修（2009年版）,S,2014-09-29,1.0,Shinryo Corporation Head Office Building,"Shinjuku Ward, Tokyo",office,Shinjuku,"Shinjuku Ward, Tokyo, Tokyo, Japan",35.6937632,139.7036319
134,(一財)ベターリビング,CBL-CAS建築-0015-10,（仮称）日本橋小網町ビル,2011-04-18,公共建物株式会社／オリックス不動産株式会社,東京都中央区,事務所,CASBEE-新築（2008年版）／実施設計段階,S,2015-02-28,1.0,(tentative name) Nihonbashi Koamicho Building,"Chuo Ward, Tokyo",office,Chuo,"Chuo Ward, Tokyo, Tokyo, Japan",35.6878375,139.7893648
135,SBIアーキクオリティ(株),SBIAQCK-021000141 （SBIAQCK-011000141として認証された物件の再認証） ,TODA BUILDING 青山,2011-04-19,戸田建設株式会社　代表取締役社長　井上　舜三,東京都港区,事務所,CASBEE-新築（2010年版）／実施設計段階,S,2014-03-30,1.0,TODA BUILDING Aoyama,"Minato Ward, Tokyo",office,Minato,"Minato Ward, Tokyo, Tokyo, Japan",35.6331419,139.7357806
136,ハウスプラス住宅保証(株),HPCAS-11-00002-1,（仮称）神田淡路町2丁目計画,2011-04-22,株式会社新日鉄都市開発　取締役都市開発部長　松本　久長,東京都千代田区,事務所,CASBEE-新築（2008年版）／実施設計段階,A,2014-05-30,1.0,(tentative name) Kanda Awajicho 2-chome project,"Chiyoda Ward, Tokyo",office,Chiyoda,"Chiyoda Ward, Tokyo, Tokyo, Japan",35.6938097,139.7532163
137,ハウスプラス住宅保証(株),HPCAS-10-00002-1,（仮称）東京経済大学　新5号館,2011-04-25,株式会社　佐藤総合計画　代表取締役社長　細田　雅春,東京都国分寺市,学校,CASBEE-新築（2008年版）／実施設計段階,S,2015-01-29,1.0,(tentative name) Tokyo Keizai University New Building 5,"Kokubunji City, Tokyo",school,,"Kokubunji City, Tokyo, Tokyo, Japan",35.6963291,139.4693602
138,(一財)ベターリビング,CBL-CAS建築-0017-10,鹿島 技術研究所 本館,2011-04-27,鹿島建設株式会社,東京都調布市,事務所（研究所）,CASBEE-新築（2010年版）／実施設計段階,S,2014-06-14,1.0,Kashima Technical Research Institute Main Building,"Chofu City, Tokyo",Office (research institute),,"Chofu City, Tokyo, Tokyo, Japan",35.6545842,139.5446123
140,ビューローベリタスジャパン(株),第BVJ-T11-0003 -CAS-NC号,新日鉄ソリューションズ(株)第５データセンター,2011-06-24,新日鉄ソリューションズ(株),東京都三鷹市,工場（データセンター）,CASBEE-新築（2008年版）／実施設計段階,S,2015-02-28,1.0,"Nippon Steel Solutions Co., Ltd. 5th Data Center","Mitaka City, Tokyo",Factory (data center),,"Mitaka City, Tokyo, Tokyo, Japan",35.6835109,139.5595602
141,(株)ERIソリューション,第ERICAS110006NC号,あいおいニッセイ同和損保　東京カスタマーセンタービル,2011-06-28,あいおいニッセイ同和損害保険株式会社　取締役社長　鈴木　久仁,東京都板橋区,事務所,CASBEE-新築（2010年版）／実施設計段階,S,2014-07-29,1.0,Aioi Nissay Dowa Insurance Tokyo Customer Center Building,"Itabashi Ward, Tokyo",office,Itabashi,"Itabashi Ward, Tokyo, Tokyo, Japan",35.7515359,139.7083176
143,ハウスプラス住宅保証(株),HPCAS-11-00003-1,関電工（仮称）錦糸町ビル新築計画,2011-07-12,株式会社　関電工　山口　学,東京都墨田区,事務所,CASBEE-新築（2010年版）／実施設計段階,S,2014-06-29,1.0,Kandenko (tentative name) Kinshicho Building new construction plan,"Sumida Ward, Tokyo",office,Sumida,"Sumida Ward, Tokyo, Tokyo, Japan",35.7104196,139.8017421
144,(一財)日本建築センター,BCJ-CAS0012-NC(b),新宿駅南口地区基盤整備事業　新宿駅新南口開発ビル,2011-08-10,東日本旅客鉄道株式会社　東京支社,東京都渋谷区,事務所,CASBEE-新築（2008年版）／実施設計段階,S,2019-03-31,1.0,Shinjuku Station South Exit Area Infrastructure Development Project Shinjuku Station New South Exit Development Building,"Shibuya Ward, Tokyo",office,Shibuya,"Shibuya Ward, Tokyo, Tokyo, Japan",35.663765,139.6978121
146,(一財)ベターリビング,CBL-CAS建築-0016-10,環状第二号線新橋・虎ノ門地区第二種市街地再開発事業Ⅲ街区,2011-08-22,森ビル株式会社,東京都港区,事務所・集合住宅・ホテル・集会所・物販店・飲食店・工場,CASBEE-新築（2008年版）／実施設計段階,S,2017-09-29,1.0,Loop Route 2 Shinbashi/Toranomon District Type 2 Urban Redevelopment Project III Block,"Minato Ward, Tokyo","Offices, housing complexes, hotels, meeting halls, retail stores, restaurants, factories",Minato,"Minato Ward, Tokyo, Tokyo, Japan",35.6331419,139.7357806
152,(一財)日本建築センター,BCJ－CAS0014－NCb(b),（仮称）丸の内1-4計画,2011-10-18,三菱地所株式会社／住友信託銀行株式会社／株式会社三菱東京ＵＦＪ銀行,東京都千代田区,事務所,CASBEE-新築（簡易版）（2008年版）／実施設計段階,S,2015-01-19,1.0,(tentative name) Marunouchi 1-4 Plan,"Chiyoda Ward, Tokyo",office,Chiyoda,"Chiyoda Ward, Tokyo, Tokyo, Japan",35.6938097,139.7532163
154,ビューローベリタスジャパン(株),第BVJ-T11-0004-CAS-NC号,清水建設本社ビル,2011-11-29,清水建設株式会社　取締役社長　宮本洋一,東京都中央区,事務所,CASBEE-新築（2010年版）／実施設計段階,S,2015-05-14,1.0,Shimizu Corporation Head Office Building,"Chuo Ward, Tokyo",office,Chuo,"Chuo Ward, Tokyo, Tokyo, Japan",35.6878375,139.7893648
159,SBIアーキクオリティ(株),SBIAQCK-011100232,明治安田生命新東陽町ビル,2011-12-27,明治安田生命保険相互会社　不動産部長　古田　英之,東京都江東区,事務所・ホテル(宿泊施設),CASBEE-新築（2010年版）／実施設計段階,S,2014-11-29,1.0,Meiji Yasuda Life Shintoyocho Building,"Koto Ward, Tokyo",Office/Hotel (Accommodation),Koto,"Koto Ward, Tokyo, Tokyo, Japan",35.6541912,139.7952595
162,(株)ERIソリューション,第ERICAS120001NC号,ＪＲ神田万世橋ビル（仮称）,2012-03-02,東日本旅客鉄道株式会社,東京都千代田区,事務所,CASBEE-新築（2010年版）／実施設計段階,S,2016-01-10,1.0,JR Kanda Manseibashi Building (tentative name),"Chiyoda Ward, Tokyo",office,Chiyoda,"Chiyoda Ward, Tokyo, Tokyo, Japan",35.6938097,139.7532163
165,(株)ERIソリューション,第ERICAS110005NC号,（仮称）青山大林ビル新築工事,2012-03-28,大林不動産株式会社　代表取締役　上岡　創,東京都港区,事務所（物販店舗等含む）,CASBEE-新築（2008年版）／実施設計段階,S,2016-03-31,1.0,(tentative name) Aoyama Obayashi Building new construction work,"Minato Ward, Tokyo","Office (including retail stores, etc.)",Minato,"Minato Ward, Tokyo, Tokyo, Japan",35.6331419,139.7357806
168,ビューローベリタスジャパン(株),BVJ-T12-0001-CAS-NC,駐日欧州連合代表部（ヨーロッパハウス）,2012-05-23,ヨーロッパハウス合同会社,東京都港区,事務所・集合住宅・工場(駐車場),CASBEE-新築（2010年版）／竣工段階,S,2014-08-09,1.0,Delegation of the European Union to Japan (Europe House),"Minato Ward, Tokyo","Offices, housing complexes, factories (parking lots)",Minato,"Minato Ward, Tokyo, Tokyo, Japan",35.6331419,139.7357806
170,ハウスプラス住宅保証(株),HPCAS-12-00001-1,（仮称）西新橋一丁目計画,2012-05-29,オリックス不動産株式会社 代表取締役　山谷 佳之,東京都港区,事務所,CASBEE-新築（2010年版）／実施設計段階,A,2016-03-30,1.0,(tentative name) Nishi-Shinbashi 1-chome project,"Minato Ward, Tokyo",office,Minato,"Minato Ward, Tokyo, Tokyo, Japan",35.6331419,139.7357806
172,(一財)ベターリビング,CBL-CAS建築-0001-12,中野区立中野中学校,2012-06-11,中野区,東京都中野区,学校（中学校）,CASBEE-新築（2010年版）／実施設計段階,S,2017-03-30,1.0,Nakano Junior High School,"Nakano Ward, Tokyo",School (junior high school),Nakano,"Nakano Ward, Tokyo, Tokyo, Japan",35.4032696,139.6189422
174,(一財)ベターリビング,CBL-CAS建築-0002-12,新橋アイマークビル,2012-06-20,清水建設株式会社 投資開発本部,東京都港区,事務所・物販店・飲食店,CASBEE-新築（2010年版）／竣工段階,S,2015-01-19,1.0,Shinbashi i-mark building,"Minato Ward, Tokyo","Offices, retail stores, restaurants",Minato,"Minato Ward, Tokyo, Tokyo, Japan",35.6331419,139.7357806
176,(一財)ベターリビング,CBL-CAS建築-0004-12,（仮称）正栄食品工業本社,2012-08-01,正栄食品工業株式会社,東京都台東区,事務所,CASBEE-新築（2010年版）／実施設計段階,S,2016-07-30,1.0,(tentative name) Shoei Foods Industry Headquarters,"Taito Ward, Tokyo",office,Taito,"Taito Ward, Tokyo, Tokyo, Japan",35.7144391,139.7988093
178,ハウスプラス住宅保証(株),HPCAS-12-00002-1,物産ビル　エコモデルビル改修工事,2012-08-31,物産不動産株式会社 代表取締役社長 田中浩司,東京都港区,事務所,CASBEE-改修（簡易版）（2010年版）,A,2016-02-27,1.0,Bussan Building Eco Model Building renovation work,"Minato Ward, Tokyo",office,Minato,"Minato Ward, Tokyo, Tokyo, Japan",35.6331419,139.7357806
179,(株)ERIソリューション,第ERICAS120004NC号,東京ガス立川ビル,2012-09-03,東京ガス株式会社／東京ガス都市開発株式会社,東京都立川市,事務所,CASBEE-新築（2010年版）／実施設計段階,S,2018-03-31,1.0,Tokyo Gas Tachikawa Building,"Tachikawa City, Tokyo",office,,"Tachikawa City, Tokyo, Tokyo, Japan",35.7132077,139.4071894
180,(株)ERIソリューション,第ERICAS120003NC号,麹町大通りビル,2012-09-12,株式会社大林組,東京都千代田区,事務所,CASBEE-新築（2010年版）／実施設計段階,S,2015-03-31,1.0,Kojimachi Odori Building,"Chiyoda Ward, Tokyo",office,Chiyoda,"Chiyoda Ward, Tokyo, Tokyo, Japan",35.6938097,139.7532163
181,(株)ERIソリューション,第ERICAS120005NC号,大崎フォレストビルディング,2012-09-25,東洋製罐株式会社,東京都品川区,事務所,CASBEE-新築（2010年版）／竣工段階,S,2014-12-20,1.0,Osaki Forest Building,"Shinagawa Ward, Tokyo",office,Shinagawa,"Shinagawa Ward, Tokyo, Tokyo, Japan",35.6092008,139.7301982
184,ビューローベリタスジャパン(株),第BVJ-T12-0005-CAS-NC号,日土地虎ノ門ビル,2012-10-12,日本土地建物株式会社　取締役社長　吉田卓郎,東京都港区,事務所,CASBEE-新築（2010年版）／実施設計段階,S,2016-09-29,1.0,Nittori Toranomon Building,"Minato Ward, Tokyo",office,Minato,"Minato Ward, Tokyo, Tokyo, Japan",35.6331419,139.7357806
186,ハウスプラス住宅保証(株),HPCAS-12-00003-1,PMO日本橋室町,2012-10-29,株式会社文明堂東京　代表取締役社長 大野　進司／野村不動産株式会社　都市開発事業本部　開発事業一部長　黒川　洋 ,東京都中央区,事務所,CASBEE-新築（2010年版）／実施設計段階,A,2015-12-30,1.0,PMO Nihonbashi Muromachi,"Chuo Ward, Tokyo",office,Chuo,"Chuo Ward, Tokyo, Tokyo, Japan",35.6878375,139.7893648
188,(株)東京建築検査機構,TBTC-CAS0002-NC,ガーデニエール砧ウエスト,2012-11-20,清水建設株式会社,東京都世田谷区,集合住宅　,CASBEE-新築（2010年版）／実施設計段階,S,2016-02-25,1.0,Gardeniere Kinuta West,"Setagaya Ward, Tokyo",apartment complex,Setagaya,"Setagaya Ward, Tokyo, Tokyo, Japan",35.6588346,139.6561511
192,ビューローベリタスジャパン(株),第BVJ-T12-0008-CAS-NC号,スタンレー電気本社ビル,2012-12-20,スタンレー電気株式会社　代表取締役社長　北野　隆典,東京都目黒区,事務所,CASBEE-新築（2010年版）／実施設計段階,S,2015-11-29,1.0,Stanley Electric Head Office Building,"Meguro Ward, Tokyo",office,Meguro,"Meguro Ward, Tokyo, Tokyo, Japan",35.6412891,139.6983834
194,(株)ERIソリューション,第ERICAS120006NC号,三井住友海上駿河台新館,2013-01-31,三井住友海上火災保険株式会社,東京都千代田区,事務所,CASBEE-新築（2010年版）／実施設計段階,S,2015-02-28,1.0,Mitsui Sumitomo Insurance Surugadai New Building,"Chiyoda Ward, Tokyo",office,Chiyoda,"Chiyoda Ward, Tokyo, Tokyo, Japan",35.6938097,139.7532163
195,(一財)日本建築センター,BCJ-CAS0019-NC（c）,JPタワー,2013-01-31,日本郵便　株式会社,東京都千代田区,事務所,CASBEE-新築（2010年版）／竣工段階,S,2015-05-30,1.0,JP Tower,"Chiyoda Ward, Tokyo",office,Chiyoda,"Chiyoda Ward, Tokyo, Tokyo, Japan",35.6938097,139.7532163
197,(一財)日本建築センター,BCJ-CAS0020-NC(b),（仮称）茅場町計画,2013-02-27,三菱地所株式会社　,東京都中央区,事務所,CASBEE-新築（2010年版）／実施設計段階,S,2016-05-10,1.0,(tentative name) Kayaba Town Plan,"Chuo Ward, Tokyo",office,Chuo,"Chuo Ward, Tokyo, Tokyo, Japan",35.6878375,139.7893648
204,ハウスプラス住宅保証(株),HPCAS-13-00001-1,PMO八重洲通,2013-04-16,野村不動産株式会社　都市開発事業本部　ビルディング開発部長　廣瀬　政男,東京都中央区,事務所,CASBEE-新築（2010年版）／実施設計段階,A,2016-05-30,1.0,PMO Yaesu Dori,"Chuo Ward, Tokyo",office,Chuo,"Chuo Ward, Tokyo, Tokyo, Japan",35.6878375,139.7893648
205,ハウスプラス住宅保証(株),HPCAS-13-00004-1,PMO田町,2013-04-16,野村不動産株式会社　都市開発事業本部　ビルディング開発部長　廣瀬　政男,東京都港区,事務所,CASBEE-新築（2010年版）／実施設計段階,A,2017-01-30,1.0,PMO Tamachi,"Minato Ward, Tokyo",office,Minato,"Minato Ward, Tokyo, Tokyo, Japan",35.6331419,139.7357806
206,ハウスプラス住宅保証(株),HPCAS-13-00005-1,PMO神田司町,2013-04-22,野村不動産株式会社　都市開発事業本部　ビルディング開発部長　廣瀬　政男,東京都千代田区,事務所,CASBEE-新築（2010年版）／実施設計段階,A,2016-09-29,1.0,PMO Kanda Tsukasacho,"Chiyoda Ward, Tokyo",office,Chiyoda,"Chiyoda Ward, Tokyo, Tokyo, Japan",35.6938097,139.7532163
209,SBIアーキクオリティ(株),SBIAQCK-011200253,資生堂銀座ビル,2013-05-22,株式会社資生堂　代表取締役会長兼執行役員社長 前田 新造,東京都中央区,事務所,CASBEE-新築（2010年版）／実施設計段階,S,2016-07-30,1.0,Shiseido Ginza Building,"Chuo Ward, Tokyo",office,Chuo,"Chuo Ward, Tokyo, Tokyo, Japan",35.6878375,139.7893648
214,(株)ERIソリューション,第ERICAS120007EB号,G SQUARE,2013-07-25,ジー・スクエア・トウキョウ・エルエルシー,東京都渋谷区,事務所,CASBEE-既存（2010年版）,A,2018-07-25,1.0,G-SQUARE,"Shibuya Ward, Tokyo",office,Shibuya,"Shibuya Ward, Tokyo, Tokyo, Japan",35.663765,139.6978121
215,(一財)ベターリビング,CBL-CAS建築-0001-13,東熱ビル,2013-08-07,東洋熱工業株式会社,東京都中央区,事務所（サービス店舗含む）,CASBEE-新築（2010年版）／実施設計段階,S,2016-09-03,1.0,tokyo hot building,"Chuo Ward, Tokyo",Office (including service stores),Chuo,"Chuo Ward, Tokyo, Tokyo, Japan",35.6878375,139.7893648
219,(一財)ベターリビング,CBL-CAS建築-0002-13,大林組技術研究所本館「テクノステーション」,2013-09-13,株式会社大林組,東京都清瀬市,事務所（研究所）,CASBEE-既存（2010年版）,S,2018-09-12,1.0,Obayashi Technology Research Institute Main Building “Techno Station”,"Kiyose City, Tokyo",Office (research institute),,"Kiyose City, Tokyo, Tokyo, Japan",35.7797255,139.5209834
221,(株)ERIソリューション,第ERICAS130006NC号,S社宅建替工事,2013-09-26,株式会社ブリヂストン,東京都小平市,集合住宅・工場（駐車場）,CASBEE-新築（2010年版）／実施設計段階,A,2017-05-31,1.0,Company S housing reconstruction work,"Kodaira City, Tokyo",Apartment complex/factory (parking lot),,"Kodaira City, Tokyo, Tokyo, Japan",35.7173213,139.4908793
222,ハウスプラス住宅保証(株),HPCAS-13-00002-1,(仮称)東京経済大学　新図書館,2013-10-03,学校法人　東京経済大学理事長　岩本　繁,東京都国分寺市,事務所,CASBEE-新築（2010年版）／実施設計段階,S,2016-12-26,1.0,(tentative name) Tokyo Keizai University New Library,"Kokubunji City, Tokyo",office,,"Kokubunji City, Tokyo, Tokyo, Japan",35.6963291,139.4693602
224,(一財)日本建築センター,BCJ-CAS0023-NCb（b）,パレスホテル東京・パレスビル,2013-10-21,株式会社パレスホテル,東京都千代田区,事務所・ホテル,CASBEE-新築（簡易版）（2010年版）／実施設計段階,S,2015-04-24,1.0,Palace Hotel Tokyo Palace Building,"Chiyoda Ward, Tokyo",Office/Hotel,Chiyoda,"Chiyoda Ward, Tokyo, Tokyo, Japan",35.6938097,139.7532163
227,ハウスプラス住宅保証(株),HPCAS-13-00012-1,PMO銀座八丁目,2013-11-19,野村不動産株式会社　都市開発事業本部ビルディング開発部長　廣瀬　政男 ,東京都中央区,事務所,CASBEE-新築（2010年版）／実施設計段階,A,2017-04-24,1.0,PMO Ginza 8-chome,"Chuo Ward, Tokyo",office,Chuo,"Chuo Ward, Tokyo, Tokyo, Japan",35.6878375,139.7893648
230,ビューローベリタスジャパン(株),第BVJ-T１3-0005-CAS-NC号,昭和大学江東豊洲病院,2013-12-04,学校法人昭和大学　理事長　小口勝司,東京都江東区,病院,CASBEE-新築（2010年版）／実施設計段階,S,2016-12-30,1.0,Showa University Koto Toyosu Hospital,"Koto Ward, Tokyo",hospital,Koto,"Koto Ward, Tokyo, Tokyo, Japan",35.6541912,139.7952595
233,(株)ERIソリューション,第ERICAS130008NC号,飯野ビルディング,2014-02-05,飯野海運株式会社,東京都千代田区,事務所,CASBEE-新築（2010年版）／実施設計段階,S,2014-09-30,1.0,Iino Building,"Chiyoda Ward, Tokyo",office,Chiyoda,"Chiyoda Ward, Tokyo, Tokyo, Japan",35.6938097,139.7532163
238,ハウスプラス住宅保証(株),HPCAS-14-00002-1,PMO芝大門,2014-03-13,野村不動産株式会社　都市開発事業本部 ビルディング開発部長　廣瀬　政男,東京都港区,事務所,CASBEE-新築（2010年版）／実施設計段階,A,2017-09-23,1.0,PMO Shiba Daimon,"Minato Ward, Tokyo",office,Minato,"Minato Ward, Tokyo, Tokyo, Japan",35.6331419,139.7357806
239,(株)ERIソリューション,第ERICAS140001NC号,オリックス南青山ビル,2014-03-17,オリックス不動産株式会社,東京都港区,事務所（物販店等含む）,CASBEE-新築（2010年版）／実施設計段階,S,2017-04-01,1.0,Orix Minami Aoyama Building,"Minato Ward, Tokyo","Office (including retail stores, etc.)",Minato,"Minato Ward, Tokyo, Tokyo, Japan",35.6331419,139.7357806
242,(株)ERIソリューション,第ERICAS130012NC号,日本橋ダイヤビルディング,2014-03-20,三菱倉庫株式会社,東京都中央区,事務所,CASBEE-新築（2010年版）／実施設計段階,S,2017-08-31,1.0,Nihonbashi Dia Building,"Chuo Ward, Tokyo",office,Chuo,"Chuo Ward, Tokyo, Tokyo, Japan",35.6878375,139.7893648
243,(株)ERIソリューション,第ERICAS140003NC号,コニカミノルタ東京サイト八王子　28号棟,2014-03-26,コニカミノルタ株式会社,東京都八王子市,事務所,CASBEE-新築（2010年版）／実施設計段階,S,2017-03-30,1.0,Konica Minolta Tokyo Site Hachioji Building 28,"Hachioji City, Tokyo",office,,"Hachioji City, Tokyo, Tokyo, Japan",35.666412,139.3160567
245,ビューローベリタスジャパン(株),第BVJ-KAM14-0002-CAS-NC号,中央合同庁舎第８号館整備等事業(新庁舎),2014-03-31,８号館PFI株式会社　代表取締役　小野　重記,東京都千代田区,事務所,CASBEE-新築（2010年版）／竣工段階,S,2017-03-30,1.0,Central Joint Government Building No. 8 Maintenance Project (New Government Building),"Chiyoda Ward, Tokyo",office,Chiyoda,"Chiyoda Ward, Tokyo, Tokyo, Japan",35.6938097,139.7532163
246,ビューローベリタスジャパン(株),第BVJ-KAM14-0001-CAS-NC号,地方独立行政法人　東京都健康長寿医療センター,2014-04-07,地方独立行政法人東京都健康長寿医療センター　理事長　松下 正明,東京都板橋区,病院,CASBEE-新築（2010年版）／竣工段階,（申請者の希望により非公開）,2016-03-28,1.0,Local Independent Administrative Agency Tokyo Health and Gerontology Medical Center,"Itabashi Ward, Tokyo",hospital,Itabashi,"Itabashi Ward, Tokyo, Tokyo, Japan",35.7515359,139.7083176
250,ハウスプラス住宅保証(株),HPCAS-14-00004-1,PMO日本橋茅場町,2014-06-05,野村不動産株式会社　都市開発事業本部 ビルディング開発部長　廣瀬　政男,東京都中央区,事務所,CASBEE-新築（2010年版）／実施設計段階,A,2017-08-30,1.0,PMO Nihonbashi Kayabacho,"Chuo Ward, Tokyo",office,Chuo,"Chuo Ward, Tokyo, Tokyo, Japan",35.6878375,139.7893648
254,(株)ERIソリューション,第ERICAS140008NCb号,（仮称）渋谷一丁目建替プロジェクト,2014-07-07,株式会社　董花,東京都渋谷区,事務所,CASBEE-新築（簡易版）（2010年版）／実施設計段階,A,2018-09-30,1.0,(tentative name) Shibuya 1-chome reconstruction project,"Shibuya Ward, Tokyo",office,Shibuya,"Shibuya Ward, Tokyo, Tokyo, Japan",35.663765,139.6978121
255,(株)ERIソリューション,第ERICAS140006NC号,御茶ノ水ソラシティ,2014-07-14,駿河台開発特定目的会社,東京都千代田区,事務所,CASBEE-新築（2010年版）／竣工段階,S,2016-03-15,1.0,Ochanomizu Sola City,"Chiyoda Ward, Tokyo",office,Chiyoda,"Chiyoda Ward, Tokyo, Tokyo, Japan",35.6938097,139.7532163
258,(株)J建築検査センター,第JAIC-C-0001,（仮称）VORT虎ノ門１丁目ビル新築工事,2014-08-08,株式会社ボルテックス,東京都港区,事務所,CASBEE-新築（2010年版）／実施設計段階,A,2017-10-08,1.0,(tentative name) VORT Toranomon 1-chome Building new construction work,"Minato Ward, Tokyo",office,Minato,"Minato Ward, Tokyo, Tokyo, Japan",35.6331419,139.7357806
260,ハウスプラス住宅保証(株),HPCAS-14-00015-1,飯田橋３丁目ビル,2014-08-27,オリックス株式会社,東京都千代田区,事務所,CASBEE-新築（2010年版）／実施設計段階,A,2017-08-28,1.0,Iidabashi 3-chome Building,"Chiyoda Ward, Tokyo",office,Chiyoda,"Chiyoda Ward, Tokyo, Tokyo, Japan",35.6938097,139.7532163
262,(株)ERIソリューション,第ERICAS140009NC号,全日本トラック総合会館,2014-09-08,公益社団法人 全日本トラック協会,東京都新宿区,事務所,CASBEE-新築（2010年版）／実施設計段階,S,2017-07-31,1.0,All Japan Truck Hall,"Shinjuku Ward, Tokyo",office,Shinjuku,"Shinjuku Ward, Tokyo, Tokyo, Japan",35.6937632,139.7036319
263,ハウスプラス住宅保証(株),HPCAS-14-00017-1,PMO芝公園,2014-09-18,野村不動産株式会社,東京都港区,事務所,CASBEE-新築（2010年版）／実施設計段階,（申請者の希望により非公開）,2017-07-30,1.0,PMO Shiba Park,"Minato Ward, Tokyo",office,Minato,"Minato Ward, Tokyo, Tokyo, Japan",35.6331419,139.7357806
269,(一財)ベターリビング,CBL-CAS建築-0005-14,佐藤製薬東京物流センター,2014-12-24,佐藤製薬株式会社,東京都八王子市,工場（物流施設）,CASBEE-新築（2010年版）／竣工段階,S,2017-04-14,1.0,Sato Pharmaceutical Tokyo Logistics Center,"Hachioji City, Tokyo",Factory (logistics facility),,"Hachioji City, Tokyo, Tokyo, Japan",35.666412,139.3160567
270,ハウスプラス住宅保証(株),HPCAS-14-00022-1,公務員宿舎勝島町住宅（仮称）整備事業,2014-12-26,株式会社HC勝島町住宅　代表取締役　七浦和典,東京都品川区,集合住宅・工場,CASBEE-新築（2010年版）／実施設計段階,A,2019-03-21,1.0,Civil servant lodging Katsushima town housing (tentative name) maintenance project,"Shinagawa Ward, Tokyo",Apartment complex/factory,Shinagawa,"Shinagawa Ward, Tokyo, Tokyo, Japan",35.6092008,139.7301982
276,(一財)日本建築センター,BCJ-CAS0031-BE,八洲電機新本社ビル,2015-03-04,八洲電機株式会社,東京都港区,事務所,CASBEE-建築（新築）2014年版／実施設計段階,A,2019-09-15,1.0,Yasu Electric new head office building,"Minato Ward, Tokyo",office,Minato,"Minato Ward, Tokyo, Tokyo, Japan",35.6331419,139.7357806
281,(一財)日本建築センター,BCJ-CAS0028-BE,成蹊大学６号館,2015-04-02,学校法人 成蹊学園,東京都武蔵野市,学校,CASBEE-新築（2010年版）／竣工段階,A,2017-05-21,1.0,Seikei University Building 6,"Musashino City, Tokyo",school,,"Musashino City, Tokyo, Tokyo, Japan",35.717814,139.5660577
285,(一財)ベターリビング,CBL-CAS建築-0007-14,ディーアイシービル,2015-04-24,日誠不動産株式会社,東京都中央区,事務所,CASBEE-建築（新築）2014年版／実施設計段階,S,2018-04-29,1.0,DIC Building,"Chuo Ward, Tokyo",office,Chuo,"Chuo Ward, Tokyo, Tokyo, Japan",35.6878375,139.7893648
289,(株)ERIソリューション,第ERICAS150003NC号,イオンモール多摩平の森,2015-06-17,イオンモール株式会社,東京都日野市,物販店・工場,CASBEE-新築（2010年版）／実施設計段階,A,2017-11-19,1.0,Aeon Mall Tamadaira no Mori,"Hino City, Tokyo",Retail store/factory,,"Hino City, Tokyo, Tokyo, Japan",35.6710431,139.3953415
290,(一財)ベターリビング,CBL-CAS建築-0002-15,三井住友銀行東館,2015-06-30,株式会社三井住友銀行,東京都千代田区,事務所,CASBEE-建築（新築）2014年版／竣工段階,S,2018-03-30,1.0,Sumitomo Mitsui Banking Corporation East Building,"Chiyoda Ward, Tokyo",office,Chiyoda,"Chiyoda Ward, Tokyo, Tokyo, Japan",35.6938097,139.7532163
295,ハウスプラス住宅保証(株),HPCAS-15-00006-1,ＰＭＯ平河町,2015-08-18,野村不動産株式会社,東京都千代田区,事務所,CASBEE-建築（新築）2014年版／実施設計段階,A,2019-01-28,1.0,PMO Hirakawacho,"Chiyoda Ward, Tokyo",office,Chiyoda,"Chiyoda Ward, Tokyo, Tokyo, Japan",35.6938097,139.7532163
299,ビューローベリタスジャパン(株),第BVJ-KAM15-0009-CAS-NC,品川シーズンテラス,2015-09-15,エヌ・ティ・ティ都市開発株式会社,東京都港区,事務所・飲食店・病院等,CASBEE-建築（新築）2014年版／竣工段階,S,2018-02-11,1.0,Shinagawa Season Terrace,"Minato Ward, Tokyo","Offices, restaurants, hospitals, etc.",Minato,"Minato Ward, Tokyo, Tokyo, Japan",35.6331419,139.7357806
300,(株)ERIソリューション,第ERICAS150004NC号,フロントプレイス秋葉原,2015-09-30,伊藤忠都市開発株式会社,東京都千代田区,事務所,CASBEE-新築（2010年版）／竣工段階,A,2018-03-09,1.0,Front Place Akihabara,"Chiyoda Ward, Tokyo",office,Chiyoda,"Chiyoda Ward, Tokyo, Tokyo, Japan",35.6938097,139.7532163
306,ハウスプラス住宅保証(株),HPCAS-15-00012-1,PMO日本橋三越前,2015-12-01,野村不動産株式会社,東京都中央区,事務所,CASBEE-建築（新築）2014年版／実施設計段階,A,2019-05-30,1.0,PMO Nihonbashi Mitsukoshi-mae,"Chuo Ward, Tokyo",office,Chuo,"Chuo Ward, Tokyo, Tokyo, Japan",35.6878375,139.7893648
312,ビューローベリタスジャパン(株),第BVJ-KAM15-0018-CAS-NC号,（仮称）オリックス上野一丁目ビル,2016-01-04,オリックス株式会社,東京都台東区,事務所,CASBEE-建築（新築）2014年版／実施設計段階,S,2019-10-30,1.0,(tentative name) Orix Ueno 1-chome Building,"Taito Ward, Tokyo",office,Taito,"Taito Ward, Tokyo, Tokyo, Japan",35.7144391,139.7988093
313,ビューローベリタスジャパン(株),第BVJ-KAM15-0016-CAS-NC号,青山OHMOTOビル,2016-01-08,株式会社大本組,東京都港区,事務所,CASBEE-建築（新築）2014年版／実施設計段階,S,2019-01-30,1.0,Aoyama OHMOTO Building,"Minato Ward, Tokyo",office,Minato,"Minato Ward, Tokyo, Tokyo, Japan",35.6331419,139.7357806
315,（一財）住宅・建築SDGs推進センター,IBEC-C0054-EB,ゲートシティ大崎 （C0050-EBと同一物件の有効期限延長に伴う再認証）,2016-02-03,ゲートシティ大崎業務商業棟全体管理組合,東京都品川区,事務所,CASBEE-既存（2010年版）,S,2021-02-02,1.0,Gate City Osaki (Re-certification due to extension of expiration date for the same property as C0050-EB),"Shinagawa Ward, Tokyo",office,Shinagawa,"Shinagawa Ward, Tokyo, Tokyo, Japan",35.6092008,139.7301982
316,(株)ERIソリューション,第ERICAS150007NC号,総合研修訓練センター,2016-02-10,東京地下鉄株式会社,東京都江東区,事務所,CASBEE-建築（新築）2010年版／実施設計段階,A,2019-03-30,1.0,General training training center,"Koto Ward, Tokyo",office,Koto,"Koto Ward, Tokyo, Tokyo, Japan",35.6541912,139.7952595
319,ビューローベリタスジャパン(株),第BVJ-KAM15-0020-CAS-NC号,エビススバルビル,2016-02-18,スバル興産株式会社,東京都渋谷区,事務所,CASBEE-建築（新築）2014年版／竣工段階,S,2017-07-14,1.0,Ebisu Subaru Building,"Shibuya Ward, Tokyo",office,Shibuya,"Shibuya Ward, Tokyo, Tokyo, Japan",35.663765,139.6978121
331,ハウスプラス住宅保証(株),HPCAS-16-00002-1,ＰＭＯ日本橋江戸通,2016-06-28,日本土地建物株式会社／野村不動産株式会社,東京都中央区,事務所,CASBEE-建築（新築）2014年版／実施設計段階,A,2019-06-29,1.0,PMO Nihonbashi Edo Dori,"Chuo Ward, Tokyo",office,Chuo,"Chuo Ward, Tokyo, Tokyo, Japan",35.6878375,139.7893648
336,(一財)ベターリビング,CBL-CAS建築-0003-16,（仮称）株式会社NIPPO新本社計画,2016-08-10,株式会社　NIPPO,東京都中央区,事務所,CASBEE-建築（新築）2014年版／実施設計段階,S,2021-06-29,1.0,"(tentative name) NIPPO Co., Ltd. new headquarters plan","Chuo Ward, Tokyo",office,Chuo,"Chuo Ward, Tokyo, Tokyo, Japan",35.6878375,139.7893648
338,(一財)ベターリビング,CBL-CAS建築-0004-16,ＫＴビル,2016-08-31,鹿島建設株式会社,東京都港区,事務所,CASBEE-建築（新築）2014年版／実施設計段階,S,2019-08-30,1.0,KT Building,"Minato Ward, Tokyo",office,Minato,"Minato Ward, Tokyo, Tokyo, Japan",35.6331419,139.7357806
344,(株)J建築検査センター,第JAIC-C-0002号,（仮称）新橋5丁目計画　新築工事,2016-11-11,株式会社ボルテックス,東京都港区,事務所,CASBEE-建築（新築）2014年版／実施設計段階,A,2019-11-10,1.0,(tentative name) Shinbashi 5-chome plan new construction work,"Minato Ward, Tokyo",office,Minato,"Minato Ward, Tokyo, Tokyo, Japan",35.6331419,139.7357806
347,ハウスプラス住宅保証(株),HPCAS-16-00007-1,PMO新日本橋,2016-11-18,野村不動産株式会社,東京都中央区,事務所,CASBEE-建築（新築）2014年版／実施設計段階,A,2019-11-29,1.0,PMO Shin Nihonbashi,"Chuo Ward, Tokyo",office,Chuo,"Chuo Ward, Tokyo, Tokyo, Japan",35.6878375,139.7893648
349,ビューローベリタスジャパン(株),第BVJ-KAM16-0028-CAS-NC,S-GATE赤坂山王,2016-12-16,オリックス株式会社／株式会社サンケイビル,東京都港区,事務所,CASBEE-建築（新築）2014年版／竣工段階,S,2019-11-29,1.0,S-GATE Akasaka Sanno,"Minato Ward, Tokyo",office,Minato,"Minato Ward, Tokyo, Tokyo, Japan",35.6331419,139.7357806
352,ハウスプラス住宅保証(株),HPCAS-16-00012-1,PMO神田岩本町,2017-01-12,野村不動産株式会社,東京都千代田区,事務所,CASBEE-建築（新築）2014年版／実施設計段階,A,2020-01-30,1.0,PMO Kanda Iwamotocho,"Chiyoda Ward, Tokyo",office,Chiyoda,"Chiyoda Ward, Tokyo, Tokyo, Japan",35.6938097,139.7532163
353,(株)ERIソリューション,第ERICAS160006NC号,京浜トラックターミナルDynaBASE建設工事,2017-01-30,日本自動車ターミナル株式会社,東京都大田区,工場,CASBEE-建築（新築）2014年版／実施設計段階,A,2021-07-14,1.0,Keihin Truck Terminal DynaBASE construction work,"Ota Ward, Tokyo",factory,Ota,"Ota Ward, Tokyo, Tokyo, Japan",35.5645998,139.7278262
360,ハウスプラス住宅保証(株),HPCAS-17-00002-1,PMO西新橋,2017-04-17,野村不動産株式会社,東京都港区,事務所,CASBEE-建築（新築）2014年版／実施設計段階,A,2020-03-14,1.0,PMO Nishi-Shinbashi,"Minato Ward, Tokyo",office,Minato,"Minato Ward, Tokyo, Tokyo, Japan",35.6331419,139.7357806
362,(一財)ベターリビング,CBL-CAS建築-0001-17,虎ノ門一丁目地区第一種市街地再開発事業施設建築物（高層棟）,2017-05-10,虎ノ門一丁目地区市街地再開発組合,東京都港区,事務所,CASBEE-建築（新築）2014年版／実施設計段階,S,2022-12-30,1.0,Toranomon 1-chome district Type 1 urban redevelopment project facility building (high-rise building),"Minato Ward, Tokyo",office,Minato,"Minato Ward, Tokyo, Tokyo, Japan",35.6331419,139.7357806
365,ハウスプラス住宅保証(株),HPCAS-17-00005-1,PMO半蔵門,2017-06-12,野村不動産株式会社,東京都千代田区,事務所,CASBEE-建築（新築）2014年版／実施設計段階,A,2020-06-26,1.0,PMO Hanzomon,"Chiyoda Ward, Tokyo",office,Chiyoda,"Chiyoda Ward, Tokyo, Tokyo, Japan",35.6938097,139.7532163
370,(一財)ベターリビング,CBL-CAS建築-0003-17,AD-O渋谷道玄坂,2017-08-23,株式会社エー・ディー・ワークス,東京都渋谷区,事務所,CASBEE-建築（新築）2014年版／実施設計段階,A,2020-09-28,1.0,AD-O Shibuya Dogenzaka,"Shibuya Ward, Tokyo",office,Shibuya,"Shibuya Ward, Tokyo, Tokyo, Japan",35.663765,139.6978121
371,ハウスプラス住宅保証(株),HPCAS-17-00007-1,PMO内神田,2017-08-28,野村不動産株式会社,東京都千代田区,事務所,CASBEE-建築（新築）2014年版／実施設計段階,A,2020-05-30,1.0,PMO Uchikanda,"Chiyoda Ward, Tokyo",office,Chiyoda,"Chiyoda Ward, Tokyo, Tokyo, Japan",35.6938097,139.7532163
372,(株)東京建築検査機構,TBTC-CAS0005-NC,（仮称）新京橋プロジェクト,2017-09-15,オリックス株式会社,東京都中央区,事務所・物販店,CASBEE-建築（新築）2016年版／竣工段階,A,2020-04-27,1.0,(tentative name) Shinkyobashi Project,"Chuo Ward, Tokyo",Office/merchandise store,Chuo,"Chuo Ward, Tokyo, Tokyo, Japan",35.6878375,139.7893648
377,ビューローベリタスジャパン(株),BVJ-KAM17-0018-CAS-NC,有明テニスの森公園ショートコート,2017-12-27,東京都知事,東京都江東区,集会所（スポーツ施設）,CASBEE-建築（新築）2014年版／実施設計段階,S,2022-07-30,1.0,Ariake Tennis Forest Park Short Court,"Koto Ward, Tokyo",Meeting place (sports facility),Koto,"Koto Ward, Tokyo, Tokyo, Japan",35.6541912,139.7952595
379,ビューローベリタスジャパン(株),BVJ-KAM17-0017-CAS-NC,有明テニスの森公園クラブハウス・インドアコート,2018-01-16,東京都知事,東京都江東区,集会所（スポーツ施設）,CASBEE-建築（新築）2014年版／実施設計段階,S,2022-07-30,1.0,Ariake Tennis Forest Park Clubhouse/Indoor Court,"Koto Ward, Tokyo",Meeting place (sports facility),Koto,"Koto Ward, Tokyo, Tokyo, Japan",35.6541912,139.7952595
382,ビューローベリタスジャパン(株),BVJ-KAM18-0001-CAS-NC,オリックス八重洲通ビル,2018-02-26,オリックス株式会社,東京都中央区,事務所,CASBEE-建築（新築）2014年版／竣工段階,A,2020-08-30,1.0,Orix Yaesudori Building,"Chuo Ward, Tokyo",office,Chuo,"Chuo Ward, Tokyo, Tokyo, Japan",35.6878375,139.7893648
383,(株)ERIソリューション,第ERICAS170003NC号,日本生命浜松町クレアタワー,2018-02-27,日本生命保険相互株式会社,東京都港区,事務所,CASBEE-建築（新築）2014年版,S,2021-08-30,1.0,Nippon Life Hamamatsucho Claire Tower,"Minato Ward, Tokyo",office,Minato,"Minato Ward, Tokyo, Tokyo, Japan",35.6331419,139.7357806
386,(一財)ベターリビング,CBL-CAS建築-0001-18,(仮称）渋谷区役所建替プロジェクト新庁舎棟（庁舎）,2018-03-29,三井不動産レジデンシャル株式会社,東京都渋谷区,事務所,CASBEE-建築（新築）2014年版／実施設計段階,S,2021-10-14,1.0,(Tentative name) Shibuya Ward Office Reconstruction Project New Government Building (Government Building),"Shibuya Ward, Tokyo",office,Shibuya,"Shibuya Ward, Tokyo, Tokyo, Japan",35.663765,139.6978121
387,(一財)ベターリビング,CBL-CAS建築-0002-18,（仮称）渋谷区役所建替プロジェクト新庁舎棟（公会堂）,2018-03-29,三井不動産レジデンシャル株式会社,東京都渋谷区,集会所,CASBEE-建築（新築）2014年版／実施設計段階,S,2022-05-30,1.0,(Tentative name) Shibuya Ward Office Reconstruction Project New Government Building (Public Hall),"Shibuya Ward, Tokyo",meeting place,Shibuya,"Shibuya Ward, Tokyo, Tokyo, Japan",35.663765,139.6978121
390,(一財)ベターリビング,CBL-CAS建築-0003-18,有明アリーナ,2018-06-06,東京都知事,東京都江東区,集会所,CASBEE-建築（新築）2014年版／実施設計段階,S,2022-12-08,1.0,Ariake Arena,"Koto Ward, Tokyo",meeting place,Koto,"Koto Ward, Tokyo, Tokyo, Japan",35.6541912,139.7952595
391,(一財)ベターリビング,CBL-CAS建築-0004-18,小野薬品工業株式会社　東京ビル,2018-06-11,小野薬品工業株式会社,東京都中央区,事務所,CASBEE-建築（新築）2014年版／実施設計段階,S,2021-02-18,1.0,"Ono Pharmaceutical Co., Ltd. Tokyo Building","Chuo Ward, Tokyo",office,Chuo,"Chuo Ward, Tokyo, Tokyo, Japan",35.6878375,139.7893648
392,ハウスプラス住宅保証(株),HPCAS-18-00012-1,ＢＩＺＣＯＲＥ神保町,2018-06-13,新日鉄興和不動産株式会社,東京都千代田区,事務所,CASBEE-建築（新築）2014年版／竣工段階,A,2020-11-29,1.0,BIZCORE Jimbocho,"Chiyoda Ward, Tokyo",office,Chiyoda,"Chiyoda Ward, Tokyo, Tokyo, Japan",35.6938097,139.7532163
395,(一財)ベターリビング,CBL-CAS建築-0006-18,HARUMI FLAG　第5-4街区A棟,2018-07-31,三井不動産レジデンシャル株式会社他9社,東京都中央区,共同住宅,CASBEE-建築（新築）2016年版／実施設計段階,S,2027-03-30,,HARUMI FLAG Block 5-4 Building A,"Chuo Ward, Tokyo",communal housing,Chuo,"Chuo Ward, Tokyo, Tokyo, Japan",35.6878375,139.7893648
396,ハウスプラス住宅保証(株),HPCAS-18-00019-1,武田グローバル本社,2018-08-20,武田薬品不動産　株式会社,東京都中央区,事務所,CASBEE-建築（新築）2016年版／竣工段階,S,2021-03-15,1.0,Takeda Global Headquarters,"Chuo Ward, Tokyo",office,Chuo,"Chuo Ward, Tokyo, Tokyo, Japan",35.6878375,139.7893648
397,(一財)ベターリビング,CBL-CAS建築-0007-18,麹町ビジネスセンター,2018-08-21,株式会社荒井商店,東京都千代田区,事務所,CASBEE-建築（既存）2014年版,A,2023-08-20,1.0,Kojimachi Business Center,"Chiyoda Ward, Tokyo",office,Chiyoda,"Chiyoda Ward, Tokyo, Tokyo, Japan",35.6938097,139.7532163
401,(株)グッド・アイズ建築検査機構,GECAS16-10003,NCOメトロ神谷町,2018-11-29,（申請者の希望により非公開）,東京都港区,事務所・飲食店,CASBEE-建築（新築）2014年版／実施設計段階,A,2021-11-29,1.0,NCO Metro Kamiyacho,"Minato Ward, Tokyo",Office/restaurant,Minato,"Minato Ward, Tokyo, Tokyo, Japan",35.6331419,139.7357806
405,(一財)ベターリビング,CBL-CAS建築-0001-19,（仮称）神田猿楽町二丁目事務所ビル,2019-01-09,株式会社タカラレーベン,東京都千代田区,事務所,CASBEE-建築（新築）2016年版／実施設計段階,（申請者の希望により非公開）,2023-01-30,1.0,(tentative name) Kanda Sarugakucho 2-chome Office Building,"Chiyoda Ward, Tokyo",office,Chiyoda,"Chiyoda Ward, Tokyo, Tokyo, Japan",35.6938097,139.7532163
411,(一財)ベターリビング,CBL-CAS建築-0002-19,渋谷ソラスタ,2019-03-05,一般財団法人道玄坂121,東京都渋谷区,事務所,CASBEE-建築（新築）2014年版／竣工段階,S,2022-02-28,1.0,Shibuya Solasta,"Shibuya Ward, Tokyo",office,Shibuya,"Shibuya Ward, Tokyo, Tokyo, Japan",35.663765,139.6978121
413,(一財)ベターリビング,CBL-CAS建築-0003-19,STREAM Hall 2019,2019-03-06,学校法人玉川学園,東京都町田市,学校,CASBEE-建築（新築）2016年版／実施設計段階,S,2023-01-30,1.0,STREAM Hall 2019,"Machida City, Tokyo",school,,"Machida City, Tokyo, Tokyo, Japan",35.5440354,139.4550276
418,ハウスプラス住宅保証(株),HPCAS-19-00009-1,子どもスキップ豊成新築その他工事,2019-05-14,大和リース株式会社 東京本店,東京都豊島区,学校,CASBEE-建築（新築）2016年版／実施設計段階,A,2022-08-29,1.0,Children's Skip Toyonari new construction and other construction work,"Toshima Ward, Tokyo",school,Toshima,"Toshima Ward, Tokyo, Tokyo, Japan",35.7247126,139.6836795
429,(一財)ベターリビング,CBL-CAS建築-0012-19,Hareza Tower,2019-11-13,東京建物株式会社／株式会社サンケイビル,東京都豊島区,事務所,CASBEE-建築（新築）2016年版／実施設計段階,S,2023-05-30,1.0,Hareza Tower,"Toshima Ward, Tokyo",office,Toshima,"Toshima Ward, Tokyo, Tokyo, Japan",35.7247126,139.6836795
432,(一財)日本建築センター,BCJ-CAS0062-BE,日鉄日本橋ビル,2019-12-16,日鉄興和不動産株式会社,東京都中央区,事務所,CASBEE-建築（新築）2016年版／竣工段階,A,2022-03-28,1.0,Nippon Steel Nihonbashi Building,"Chuo Ward, Tokyo",office,Chuo,"Chuo Ward, Tokyo, Tokyo, Japan",35.6878375,139.7893648
433,日本建築検査協会(株),JCIA-2019C-K002,SGテラス 新築工事,2019-12-23,有限会社成栄,東京都品川区,事務所,CASBEE-建築（新築）2016年版／竣工段階,A,2022-03-27,1.0,SG Terrace new construction,"Shinagawa Ward, Tokyo",office,Shinagawa,"Shinagawa Ward, Tokyo, Tokyo, Japan",35.6092008,139.7301982
437,(株)東京建築検査機構,TBTC-CAS 0008-NC,池袋保健所新築等の賃貸借,2020-01-31,大和リース株式会社,東京都豊島区,事務所,CASBEE-建築（新築）2016年版／実施設計段階,A,2022-10-10,1.0,"Ikebukuro public health center new building rental, etc.","Toshima Ward, Tokyo",office,Toshima,"Toshima Ward, Tokyo, Tokyo, Japan",35.7247126,139.6836795
438,(一財)ベターリビング,CBL-CAS建築-0001-20,東京アクアティクスセンター,2020-02-06,東京都知事,東京都江東区,集会所,CASBEE-建築（改修）2014年版／実施設計段階,S,2025-02-27,1.0,Tokyo Aquatics Center,"Koto Ward, Tokyo",meeting place,Koto,"Koto Ward, Tokyo, Tokyo, Japan",35.6541912,139.7952595
439,(一財)日本建築センター,BCJ-CAS0065-BE,国立印刷局赤羽宿舎（仮称）整備事業,2020-02-07,大成ユーレック株式会社,東京都北区,集合住宅,CASBEE-建築（新築）2016年版／実施設計段階,A,2024-10-14,1.0,National Printing Bureau Akabane Residence (tentative name) maintenance project,"Kita Ward, Tokyo",apartment complex,Kita,"Kita Ward, Tokyo, Tokyo, Japan",35.753135,139.727272
440,(一財)日本建築センター,BCJ-CAS0066-BE,三井不動産インダストリアルパーク羽田新築工事,2020-02-13,三井住友信託銀行株式会社,東京都大田区,工場（倉庫）,CASBEE-建築（新築）2016年版／竣工段階,A,2022-06-17,1.0,Mitsui Fudosan Industrial Park Haneda new construction work,"Ota Ward, Tokyo",Factory (warehouse),Ota,"Ota Ward, Tokyo, Tokyo, Japan",35.5645998,139.7278262
444,(一財)ベターリビング,CBL-CAS建築-0005-20,日本工営ビル,2020-03-31,日本工営株式会社,東京都千代田区,事務所,CASBEE-建築（新築）2016年版／実施設計段階,S,2023-01-13,1.0,Nippon Koei Building,"Chiyoda Ward, Tokyo",office,Chiyoda,"Chiyoda Ward, Tokyo, Tokyo, Japan",35.6938097,139.7532163
446,(一財)ベターリビング,CBL-CAS建築-0007-20,ヒルトン東京お台場,2020-04-22,ジャパン・ホテル・リート投資法人,東京都港区,ホテル,CASBEE-建築（既存）2014年版,B+,2025-04-21,1.0,Hilton Tokyo Odaiba,"Minato Ward, Tokyo",Hotel,Minato,"Minato Ward, Tokyo, Tokyo, Japan",35.6331419,139.7357806
451,(一財)ベターリビング,CBL-CAS建築-0010-20,(仮称）佐川急便武蔵村山営業所／新築工事,2020-06-22,SGリアルティ株式会社,東京都武蔵村山市,工場,CASBEE-建築（新築）2016年版／実施設計段階,A,2023-08-23,1.0,(tentative name) Sagawa Express Musashimurayama Office/New construction,"Musashimurayama City, Tokyo",factory,,"Musashimurayama City, Tokyo, Tokyo, Japan",35.7551878,139.3875169
454,ハウスプラス住宅保証(株),HPCAS-20-00010-1,蔵前計画(仮称),2020-07-15,日本郵政不動産株式会社,東京都台東区,事務所,CASBEE-建築（新築）2016年版／実施設計段階,S,2026-03-30,,Kuramae Plan (tentative name),"Taito Ward, Tokyo",office,Taito,"Taito Ward, Tokyo, Tokyo, Japan",35.7144391,139.7988093
461,ハウスプラス住宅保証(株),HPCAS-20-00012-1,世田谷区役所・世田谷区民会館,2020-09-28,世田谷区長,東京都世田谷区,事務所,CASBEE-建築（新築）2016年版／実施設計段階,S,2030-10-14,,Setagaya Ward Office/Setagaya Ward Civic Hall,"Setagaya Ward, Tokyo",office,Setagaya,"Setagaya Ward, Tokyo, Tokyo, Japan",35.6588346,139.6561511
463,(一財)ベターリビング,CBL-CAS建築-0013-20,順天堂大学キャンパス・ホスピタル再編事業（仮称）新研究棟建設工事,2020-10-15,学校法人順天堂,東京都文京区,学校,CASBEE-建築（新築）2016年版／竣工段階,S,2023-09-17,1.0,Juntendo University Campus Hospital Reorganization Project (tentative name) New research building construction work,"Bunkyo Ward, Tokyo",school,Bunkyo,"Bunkyo Ward, Tokyo, Tokyo, Japan",35.5387008,139.4334397
466,(一財)ベターリビング,CBL-CAS建築-0016-20,(仮称）TCGビル,2020-12-21,（申請者の希望により非公開）,東京都港区,事務所,CASBEE-建築（新築）2016年版／実施設計段階,A,2026-02-27,,(tentative name) TCG Building,"Minato Ward, Tokyo",office,Minato,"Minato Ward, Tokyo, Tokyo, Japan",35.6331419,139.7357806
467,（一財）住宅・建築SDGs推進センター,IBEC-C0055-EB,ゲートシティ大崎 （C0054-EBと同一物件の有効期限延長に伴う再認証）,2021-02-03,ゲートシティ大崎業務商業棟全体管理組合,東京都品川区,事務所,CASBEE-既存（2010年版）,S,2026-02-02,,Gate City Osaki (Re-certification due to extension of expiration date for the same property as C0054-EB),"Shinagawa Ward, Tokyo",office,Shinagawa,"Shinagawa Ward, Tokyo, Tokyo, Japan",35.6092008,139.7301982
471,(株)ERIソリューション,第ERICAS200005NC号,(仮称）六本木７丁目PRJ新築工事,2021-03-18,特定目的会社R7,東京都港区,事務所,CASBEE-建築（新築）2016年版／実施設計段階,A,2024-05-30,1.0,(tentative name) Roppongi 7-chome PRJ new construction construction,"Minato Ward, Tokyo",office,Minato,"Minato Ward, Tokyo, Tokyo, Japan",35.6331419,139.7357806
472,(一財)ベターリビング,CBL-CAS建築-0004-21,大井ふ頭中央海浜公園ホッケー競技場,2021-03-23,東京都知事,東京都品川区,集会場,CASBEE-建築（新築）2016年版／実施設計段階,A,2022-06-26,1.0,Oi Pier Central Seaside Park Hockey Stadium,"Shinagawa Ward, Tokyo",meeting place,Shinagawa,"Shinagawa Ward, Tokyo, Tokyo, Japan",35.6092008,139.7301982
478,(一財)日本建築センター,BCJ-CAS0075-BE,東京虎ノ門グローバルスクエア,2021-05-24,虎ノ門駅前地区市街地再開発組合,東京都港区,事務所,CASBEE-建築（新築）2014年版／竣工段階,S,2023-06-29,1.0,Tokyo Toranomon Global Square,"Minato Ward, Tokyo",office,Minato,"Minato Ward, Tokyo, Tokyo, Japan",35.6331419,139.7357806
480,ハウスプラス住宅保証(株),HPCAS-21-00004-1,プラウドタワー芝浦,2021-05-31,野村不動産株式会社,東京都港区,集合住宅,CASBEE-建築（新築）2016年版／実施設計段階,A,2026-03-30,,Proud Tower Shibaura,"Minato Ward, Tokyo",apartment complex,Minato,"Minato Ward, Tokyo, Tokyo, Japan",35.6331419,139.7357806
490,(一財)ベターリビング,CBL-CAS建築-0011-21,（仮称）日本通運（株）新本社ビル計画,2021-08-04,日本通運株式会社,東京都千代田区,事務所,CASBEE-建築（新築）2016年版／竣工段階,S,2024-08-30,1.0,"(tentative name) Nippon Express Co., Ltd. new head office building plan","Chiyoda Ward, Tokyo",office,Chiyoda,"Chiyoda Ward, Tokyo, Tokyo, Japan",35.6938097,139.7532163
494,(一財)日本建築センター,BCJ-CAS0079-BE,メブクス豊洲,2021-08-25,清水建設株式会社,東京都江東区,事務所,CASBEE-建築（新築）2016年版／竣工段階,S,2024-08-30,1.0,Mebkus Toyosu,"Koto Ward, Tokyo",office,Koto,"Koto Ward, Tokyo, Tokyo, Japan",35.6541912,139.7952595
497,(株)ERIソリューション,第ERICAS210002NC号,プレファス吉祥寺,2021-09-30,株式会社荒井商店,東京都武蔵野市,店舗・事務所,CASBEE-建築（新築）2016年版／竣工段階,A,2024-03-30,1.0,Prefas Kichijoji,"Musashino City, Tokyo",Store/office,,"Musashino City, Tokyo, Tokyo, Japan",35.717814,139.5660577
501,日本建築検査協会(株),JCIA-2021Ｃ-Ｋ001,（仮称）Ｌ.Biz　八丁堀計画 新築工事,2021-10-22,株式会社タカラレーベン,東京都中央区,事務所,CASBEE-建築（新築）2016年版／竣工段階,B-,2024-06-22,1.0,(tentative name) L.Biz Hatchobori project new construction work,"Chuo Ward, Tokyo",office,Chuo,"Chuo Ward, Tokyo, Tokyo, Japan",35.6878375,139.7893648
502,ハウスプラス住宅保証(株),HPCAS-21-00025-1,BIZCORE渋谷計画,2021-10-26,日鉄興和不動産株式会社,東京都渋谷区,事務所,CASBEE-建築（新築）2016年版／竣工段階,A,2023-01-30,1.0,BIZCORE Shibuya Plan,"Shibuya Ward, Tokyo",office,Shibuya,"Shibuya Ward, Tokyo, Tokyo, Japan",35.663765,139.6978121
505,ハウスプラス住宅保証(株),HPCAS-21-00024-1,多摩川住宅ホ号棟マンション建替事業　新築工事,2021-11-08,多摩川住宅ホ号棟マンション建替組合,東京都調布市,集合住宅,CASBEE-建築（新築）2021年SDGs対応版／実施設計段階,A,2028-11-27,,Tamagawa Housing Building E Condominium Reconstruction Project New Construction,"Chofu City, Tokyo",apartment complex,,"Chofu City, Tokyo, Tokyo, Japan",35.6545842,139.5446123
509,(一財)ベターリビング,CBL-CAS建築 -0018-21,（仮称）芝浦一丁目計画,2021-11-30,特定目的会社ゴールドD,東京都港区,集合住宅,CASBEE-建築（新築）2016年版／実施設計段階,A,2026-02-27,,(tentative name) Shibaura 1-chome project,"Minato Ward, Tokyo",apartment complex,Minato,"Minato Ward, Tokyo, Tokyo, Japan",35.6331419,139.7357806
512,(一財)ベターリビング,CBL-CAS 建築-0020-21,（仮称）錦糸町PJ新築工事,2021-12-08,オリックス不動産株式会社,東京都墨田区,集合住宅,CASBEE-建築（新築）2016年版／実施設計段階,B+,2025-10-27,1.0,(tentative name) Kinshicho PJ new construction work,"Sumida Ward, Tokyo",apartment complex,Sumida,"Sumida Ward, Tokyo, Tokyo, Japan",35.7104196,139.8017421
513,日本建築検査協会(株),JCIA-2021C-K003,L.BIZ御茶ノ水,2021-12-13,株式会社タカラレーベン,東京都千代田区,事務所,CASBEE-建築（新築）2016年版／竣工段階,B+,2024-12-16,1.0,L.BIZ Ochanomizu,"Chiyoda Ward, Tokyo",office,Chiyoda,"Chiyoda Ward, Tokyo, Tokyo, Japan",35.6938097,139.7532163
514,(一財)ベターリビング,CBL-CAS建築 -0021-21,(仮称）港南二丁目プロジェクト,2021-12-20,大林新星和不動産株式会社,東京都港区,事務所,CASBEE-建築（新築）2016年版／実施設計段階,S,2025-07-30,1.0,(tentative name) Konan 2-chome Project,"Minato Ward, Tokyo",office,Minato,"Minato Ward, Tokyo, Tokyo, Japan",35.6331419,139.7357806
522,(株)ERIソリューション,第ERICAS210007NC号,（仮称）西荻北3丁目賃貸住宅計画 新築工事,2022-01-27,株式会社マルイホームサービス,東京都杉並区,集合住宅,CASBEE-建築（新築）2016年版／実施設計段階,A,2025-02-20,1.0,(tentative name) Nishi-Ogikita 3-chome rental housing project New construction,"Suginami Ward, Tokyo",apartment complex,Suginami,"Suginami Ward, Tokyo, Tokyo, Japan",35.6994929,139.6362876
525,(株)ERIソリューション,第ERICAS210009NC号,須賀工業本社ビル（Tプロジェクト）,2022-02-15,須賀工業株式会社,東京都江東区,事務所,CASBEE-建築（新築）2016年版／実施設計段階,S,2025-02-27,1.0,Suga Industries Head Office Building (T Project),"Koto Ward, Tokyo",office,Koto,"Koto Ward, Tokyo, Tokyo, Japan",35.6541912,139.7952595
526,(一財)ベターリビング,CBL-CAS 建築-0006-22,（仮称）新TODAビル計画 新築工事,2022-02-17,戸田建設株式会社,東京都中央区,事務所,CASBEE-建築（新築）2021年SDGs対応版／実施設計段階,S,2027-04-29,,(tentative name) New TODA Building Plan New construction work,"Chuo Ward, Tokyo",office,Chuo,"Chuo Ward, Tokyo, Tokyo, Japan",35.6878375,139.7893648
527,ハウスプラス住宅保証(株),HPCAS-22-00004-1,池尻大橋PJ　A棟,2022-02-24,ALJ Office Ikejiri 合同会社,東京都目黒区,事務所,CASBEE-建築（新築）2021年SDGs対応版／竣工段階,B+,2024-05-24,1.0,Ikejiri Ohashi PJ Building A,"Meguro Ward, Tokyo",office,Meguro,"Meguro Ward, Tokyo, Tokyo, Japan",35.6412891,139.6983834
528,ハウスプラス住宅保証(株),HPCAS-22-00005-1,池尻大橋PJ　B棟,2022-02-24,ALJ Office Ikejiri 合同会社,東京都目黒区,事務所,CASBEE-建築（新築）2021年SDGs対応版／竣工段階,B+,2024-05-24,1.0,Ikejiri Ohashi PJ Building B,"Meguro Ward, Tokyo",office,Meguro,"Meguro Ward, Tokyo, Tokyo, Japan",35.6412891,139.6983834
530,(株)東京建築検査機構,TBTC-CAS 0021-NC,SOSiLA　板橋,2022-02-25,SOSiLA 物流リート法人,東京都板橋区,工場,CASBEE-建築（新築）2016年版／竣工段階,A,2024-02-29,1.0,SOSiLA Itabashi,"Itabashi Ward, Tokyo",factory,Itabashi,"Itabashi Ward, Tokyo, Tokyo, Japan",35.7515359,139.7083176
544,(一財)ベターリビング,CBL-CAS建築 -0011-22,（仮称）江東区森下1丁目PJ　新築工事,2022-04-15,オリックス不動産株式会社,東京都江東区,集合住宅,CASBEE-建築（新築）2016年版／実施設計段階,B+,2026-02-14,,(tentative name) Koto-ku Morishita 1-chome PJ new construction construction,"Koto Ward, Tokyo",apartment complex,Koto,"Koto Ward, Tokyo, Tokyo, Japan",35.6541912,139.7952595
550,ハウスプラス住宅保証(株),HPCAS-22-00011-1,BIZCORE神田須田町,2022-04-22,日鉄興和不動産株式会社,東京都千代田区,事務所,CASBEE-建築（新築）2021年SDGs対応版／竣工段階,A,2024-09-29,1.0,BIZCORE Kanda Suda Town,"Chiyoda Ward, Tokyo",office,Chiyoda,"Chiyoda Ward, Tokyo, Tokyo, Japan",35.6938097,139.7532163
555,ハウスプラス住宅保証(株),HPCAS-22-00018-1,ライオンズフォーシア隅田川テラス,2022-05-09,株式会社大京ソリューション,東京都墨田区,集合住宅,CASBEE-建築（新築）2016年版／実施設計段階,B+,2025-06-19,1.0,Lions Forsia Sumida River Terrace,"Sumida Ward, Tokyo",apartment complex,Sumida,"Sumida Ward, Tokyo, Tokyo, Japan",35.7104196,139.8017421
556,(一財)ベターリビング,CBL-CAS建築-0012-22,ヒューリックロジスティクス葛西,2022-05-16,ヒューリック株式会社,東京都江戸川区,工場,CASBEE-建築（新築）2016年版／竣工段階,A,2025-04-30,1.0,Hulic Logistics Kasai,"Edogawa Ward, Tokyo",factory,Edogawa,"Edogawa Ward, Tokyo, Tokyo, Japan",35.7066318,139.868677
557,ハウスプラス住宅保証(株),HPCAS-22-00028-1,（仮称）目黒本町四丁目Ⅰ計画,2022-05-19,株式会社イノベーション都市開発,東京都目黒区,集合住宅,CASBEE-建築（新築）2021年SDGs対応版／実施設計段階,A,2025-12-29,1.0,(tentative name) Meguro Honmachi 4-chome I Plan,"Meguro Ward, Tokyo",apartment complex,Meguro,"Meguro Ward, Tokyo, Tokyo, Japan",35.6412891,139.6983834
558,ハウスプラス住宅保証(株),HPCAS-22-00031-1,（仮称）目黒本町四丁目Ⅱ計画,2022-05-19,株式会社イノベーション都市開発,東京都目黒区,集合住宅,CASBEE-建築（新築）2021年SDGs対応版／実施設計段階,A,2025-12-29,1.0,(tentative name) Meguro Honmachi 4-chome II Project,"Meguro Ward, Tokyo",apartment complex,Meguro,"Meguro Ward, Tokyo, Tokyo, Japan",35.6412891,139.6983834
560,ハウスプラス住宅保証(株),HPCAS-22-00029-1,（仮称）港区芝大門二丁目計画,2022-05-31,合同会社芝大門二丁目開発,東京都港区,事務所,CASBEE-建築（新築）2021年SDGs対応版／実施設計段階,A,2025-05-30,1.0,(tentative name) Minato-ku Shiba Daimon 2-chome project,"Minato Ward, Tokyo",office,Minato,"Minato Ward, Tokyo, Tokyo, Japan",35.6331419,139.7357806
570,(一財)ベターリビング,CBL-CAS建築-0016-22,（仮称）大森北Ｂ計画 新築工事,2022-06-21,オリックス不動産株式会社,東京都大田区,集合住宅,CASBEE-建築（新築）2016年版／実施設計段階,A,2026-06-29,,(tentative name) Omori Kita B Plan New construction work,"Ota Ward, Tokyo",apartment complex,Ota,"Ota Ward, Tokyo, Tokyo, Japan",35.5645998,139.7278262
572,(一財)ベターリビング,CBL-CAS建築-0019-22,T-PLUS日本橋小伝馬町,2022-06-29,東京建物株式会社,東京都中央区,事務所,CASBEE-建築（新築）2016年版／竣工段階,A,2025-04-29,1.0,T-PLUS Nihonbashi Kodenmacho,"Chuo Ward, Tokyo",office,Chuo,"Chuo Ward, Tokyo, Tokyo, Japan",35.6878375,139.7893648
577,(株)ERIソリューション,第ERICAS220006NC号,（仮称）quador三田 新築工事,2022-07-15,株式会社リビングコーポレーション　,東京都港区,集合住宅,CASBEE-建築（新築）2021年SDGs対応版／実施設計段階,A,2026-02-27,,(tentative name)quador Mita New construction work,"Minato Ward, Tokyo",apartment complex,Minato,"Minato Ward, Tokyo, Tokyo, Japan",35.6331419,139.7357806
578,(一財)ベターリビング,CBL-CAS建築-0020-22,（仮称）大森北Ａ計画 新築工事,2022-07-21,オリックス不動産株式会社,東京都大田区,集合住宅,CASBEE-建築（新築）2016年版／実施設計段階,B+,2026-06-29,,(tentative name) Omori Kita A Plan New construction work,"Ota Ward, Tokyo",apartment complex,Ota,"Ota Ward, Tokyo, Tokyo, Japan",35.5645998,139.7278262
581,ハウスプラス住宅保証(株),HPCAS-22-00057-1,愛宕イーストビル,2022-07-26,DWS Grundbesitz GmbH,東京都港区,事務所,CASBEE-建築（既存）2014年版,A,2027-07-25,,Atago East Building,"Minato Ward, Tokyo",office,Minato,"Minato Ward, Tokyo, Tokyo, Japan",35.6331419,139.7357806
582,ハウスプラス住宅保証(株),HPCAS-22-00058-1,中野セントラルパークイースト,2022-07-27,ALJ CENTRAL RE1特定目的会社,東京都中野区,事務所,CASBEE-建築（既存）2014年版,A,2027-07-26,,Nakano Central Park East,"Nakano Ward, Tokyo",office,Nakano,"Nakano Ward, Tokyo, Tokyo, Japan",35.4032696,139.6189422
586,ハウスプラス住宅保証(株),HPCAS-22-00061-1,プロロジスアーバン東京足立2プロジェクト,2022-08-05,隅田特定目的会社,東京都足立区,工場,CASBEE-建築（新築）2021年SDGs対応版／実施設計段階,A,2025-02-27,1.0,Prologis Urban Tokyo Adachi 2 Project,"Adachi Ward, Tokyo",factory,Adachi,"Adachi Ward, Tokyo, Tokyo, Japan",35.7746029,139.8045163
591,(株)ERIソリューション,第ERICAS220011NC号,（仮称）quador世田谷芦花公園 新築工事,2022-08-23,株式会社リビングコーポレーション,東京都世田谷区,集合住宅,CASBEE-建築（新築）2021年SDGs対応版／実施設計段階,A,2026-02-28,,(tentative name) quador Setagaya Ashika Park new construction work,"Setagaya Ward, Tokyo",apartment complex,Setagaya,"Setagaya Ward, Tokyo, Tokyo, Japan",35.6588346,139.6561511
592,(株)ERIソリューション,第ERICAS220012NC号,（仮称）quador代々木 新築工事,2022-08-23,株式会社リビングコーポレーション,東京都渋谷区,集合住宅,CASBEE-建築（新築）2021年SDGs対応版／実施設計段階,A,2026-03-14,,(tentative name) quador Yoyogi new construction work,"Shibuya Ward, Tokyo",apartment complex,Shibuya,"Shibuya Ward, Tokyo, Tokyo, Japan",35.663765,139.6978121
594,(一財)ベターリビング,CBL-CAS建築-0024-22,東京レールゲートEAST,2022-08-31,日本貨物鉄道株式会社（ＪＲ貨物）,東京都品川区,工場,CASBEE-建築（新築）2021年SDGs対応版／竣工段階,A,2025-07-14,1.0,Tokyo Rail Gate EAST,"Shinagawa Ward, Tokyo",factory,Shinagawa,"Shinagawa Ward, Tokyo, Tokyo, Japan",35.6092008,139.7301982
596,(株)ERIソリューション,第ERICAS220013NC号,（仮称）quador中野新橋 新築工事,2022-09-06,株式会社リビングコーポレーション,東京都中野区,集合住宅,CASBEE-建築（新築）2021年SDGs対応版／実施設計段階,A,2026-03-19,,(tentative name) quador Nakano Shinbashi new construction work,"Nakano Ward, Tokyo",apartment complex,Nakano,"Nakano Ward, Tokyo, Tokyo, Japan",35.4032696,139.6189422
599,ハウスプラス住宅保証(株),HPCAS-22-00068-1,ライオンズフォーシア入谷イースト,2022-09-15,株式会社 大京,東京都台東区,集合住宅,CASBEE-建築（新築）2021年SDGs対応版／竣工段階,B+,2025-11-29,1.0,Lions Forsia Iriya East,"Taito Ward, Tokyo",apartment complex,Taito,"Taito Ward, Tokyo, Tokyo, Japan",35.7144391,139.7988093
600,ハウスプラス住宅保証(株),HPCAS-22-00081-1,（仮称）港区芝大門二丁目計画,2022-09-21,合同会社芝大門二丁目開発,東京都港区,事務所,CASBEE-建築（新築）2021年SDGs対応版／実施設計段階,A,2025-05-30,1.0,(tentative name) Minato-ku Shiba Daimon 2-chome project,"Minato Ward, Tokyo",office,Minato,"Minato Ward, Tokyo, Tokyo, Japan",35.6331419,139.7357806
607,ハウスプラス住宅保証(株),HPCAS-22-00082-1,（仮称）ラグゼナ八王子南町 新築工事,2022-10-06,MIRARTH ホールディングス株式会社,東京都八王子市,集合住宅,CASBEE-建築（新築）2021年SDGs対応版／実施設計段階,B-,2025-10-30,1.0,(tentative name) Lagusena Hachioji Minamicho new construction work,"Hachioji City, Tokyo",apartment complex,,"Hachioji City, Tokyo, Tokyo, Japan",35.666412,139.3160567
609,(一財)ベターリビング,CBL-CAS建築-0026-22,駒沢３丁目PJ新築工事,2022-10-17,オリックス不動産株式会社,東京都世田谷区,集合住宅,CASBEE-建築（新築）2021年SDGs対応版／実施設計段階,B+,2026-07-30,,Komazawa 3-chome PJ new construction construction,"Setagaya Ward, Tokyo",apartment complex,Setagaya,"Setagaya Ward, Tokyo, Tokyo, Japan",35.6588346,139.6561511
611,ハウスプラス住宅保証(株),HPCAS-22-00088-1,（仮称）東山三丁目計画,2022-10-27,株式会社 イノベーション都市開発,東京都目黒区,集合住宅,CASBEE-建築（新築）2021年SDGs対応版／実施設計段階,B+,2026-11-14,,(tentative name) Higashiyama 3-chome project,"Meguro Ward, Tokyo",apartment complex,Meguro,"Meguro Ward, Tokyo, Tokyo, Japan",35.6412891,139.6983834
612,(一財)ベターリビング,CBL-CAS建築-0030-22,駐日アイルランド大使館,2022-10-27,駐日アイルランド大使館,東京都新宿区,事務所,CASBEE-建築（新築）2021年SDGs対応版／実施設計段階,S,2027-09-29,,Embassy of Ireland in Japan,"Shinjuku Ward, Tokyo",office,Shinjuku,"Shinjuku Ward, Tokyo, Tokyo, Japan",35.6937632,139.7036319
614,ハウスプラス住宅保証(株),HPCAS-22-00079-1,ライオンズフォーシア中央MINATO,2022-10-31,株式会社大京,東京都中央区,集合住宅,CASBEE-建築（新築）2021年SDGs対応版／実施設計段階,B+,2025-11-29,1.0,Lions Forcia Central MINATO,"Chuo Ward, Tokyo",apartment complex,Chuo,"Chuo Ward, Tokyo, Tokyo, Japan",35.6878375,139.7893648
617,(一財)日本建築センター,BCJ-CAS0091-BE,（仮称）晴海三丁目計画（オフィス棟）,2022-10-31,株式会社みずほ銀行,東京都中央区,事務所,CASBEE-建築（新築）2021年SDGs対応版／竣工段階,S,2027-02-28,,(tentative name) Harumi 3-chome project (office building),"Chuo Ward, Tokyo",office,Chuo,"Chuo Ward, Tokyo, Tokyo, Japan",35.6878375,139.7893648
621,ハウスプラス住宅保証(株),HPCAS-22-00098-1,（仮称）ラグゼナ八王子新町 新築⼯事,2022-11-17,MIRARTHホールディングス株式会社,東京都八王子市,集合住宅,CASBEE-建築（新築）2021年SDGs対応版／実施設計段階,B-,2025-10-30,1.0,(tentative name) Laxena Hachioji Shinmachi new construction,"Hachioji City, Tokyo",apartment complex,,"Hachioji City, Tokyo, Tokyo, Japan",35.666412,139.3160567
630,ハウスプラス住宅保証(株),HPCAS-22-00092-1,（仮称）L.Biz日本橋新築工事,2022-12-07,MIRARTHホールディングス株式会社,東京都中央区,事務所,CASBEE-建築（新築）2021年SDGs対応版／竣工段階,A,2026-03-30,,(tentative name) L.Biz Nihonbashi new construction work,"Chuo Ward, Tokyo",office,Chuo,"Chuo Ward, Tokyo, Tokyo, Japan",35.6878375,139.7893648
635,(一財)日本建築センター,BCJ-CAS0098-BE,BIZCORE東神田,2022-12-16,日鉄興和不動産株式会社,東京都千代田区,事務所,CASBEE-建築（新築）2021年SDGs対応版／実施設計段階,A,2025-11-29,1.0,BIZCORE Higashikanda,"Chiyoda Ward, Tokyo",office,Chiyoda,"Chiyoda Ward, Tokyo, Tokyo, Japan",35.6938097,139.7532163
636,(一財)日本建築センター,BCJ-CAS0097-BE,（仮称）神宮前二丁目PJ,2022-12-16,株式会社レーサム,東京都渋谷区,事務所,CASBEE-建築（新築）2021年SDGs対応版／竣工段階,A,2025-12-28,1.0,(tentative name) Jingumae 2-chome PJ,"Shibuya Ward, Tokyo",office,Shibuya,"Shibuya Ward, Tokyo, Tokyo, Japan",35.663765,139.6978121
644,(株)東京建築検査機構,TBTC-CAS0033-NC,（仮称）シード本社建て替えプロジェクト,2022-12-27,株式会社シード,東京都文京区,事務所,CASBEE-建築（新築）2021年SDGs対応版／実施設計段階,S,2027-05-30,,(tentative name) Seed Head Office Reconstruction Project,"Bunkyo Ward, Tokyo",office,Bunkyo,"Bunkyo Ward, Tokyo, Tokyo, Japan",35.5387008,139.4334397
652,(一財)日本建築センター,BCJ-CAS0100-BE,東京ドームホテル新築工事,2023-01-11,株式会社東京ドームホテル,東京都文京区,ホテル,CASBEE-建築（既存）2014年版,B-,2028-01-10,,Tokyo Dome Hotel new construction,"Bunkyo Ward, Tokyo",Hotel,Bunkyo,"Bunkyo Ward, Tokyo, Tokyo, Japan",35.5387008,139.4334397
653,(一財)日本建築センター,BCJ-CAS0101-BE,東京ドーム,2023-01-11,株式会社東京ドーム,東京都文京区,集会所,CASBEE-建築（既存）2014年版,C,2028-01-10,,tokyo dome,"Bunkyo Ward, Tokyo",meeting place,Bunkyo,"Bunkyo Ward, Tokyo, Tokyo, Japan",35.5387008,139.4334397
654,(一財)ベターリビング,CBL-CAS建築-0001-23,錦糸町ⅡＰＪ,2023-01-11,オリックス不動産株式会社,東京都墨田区,集合住宅,CASBEE-建築（新築）2021年SDGs対応版／実施設計段階,B+,2026-11-14,,Kinshicho II Project,"Sumida Ward, Tokyo",apartment complex,Sumida,"Sumida Ward, Tokyo, Tokyo, Japan",35.7104196,139.8017421
660,(一財)日本建築センター,BCJ-CAS0104-BE,旧平和小学校複合施設の賃貸借,2023-01-19,大和リース株式会社　東京本店,東京都豊島区　,学校,CASBEE-建築（新築）2021年SDGs対応版／実施設計段階,A,2027-02-27,,Lease of former Heiwa Elementary School complex,"Toshima Ward, Tokyo",school,Toshima,"Toshima Ward, Tokyo, Tokyo, Japan",35.7247126,139.6836795
661,ハウスプラス住宅保証(株),HPCAS-22-00120-1,（仮称）LF芝公園新築工事,2023-01-19,株式会社大京,東京都港区,集合住宅,CASBEE-建築（新築）2021年SDGs対応版／実施設計段階,B+,2026-01-30,,(tentative name) LF Shiba Park new construction work,"Minato Ward, Tokyo",apartment complex,Minato,"Minato Ward, Tokyo, Tokyo, Japan",35.6331419,139.7357806
662,(一財)ベターリビング,CBL-CAS建築-0003-23,（仮称）森永製菓芝浦ビル建替計画,2023-01-20,森永製菓株式会社,東京都港区,事務所,CASBEE-建築（新築）2021年SDGs対応版／実施設計段階,S,2027-01-30,,"(tentative name) Morinaga & Co., Ltd. Shibaura Building Reconstruction Plan","Minato Ward, Tokyo",office,Minato,"Minato Ward, Tokyo, Tokyo, Japan",35.6331419,139.7357806
666,ハウスプラス住宅保証(株),HPCAS-23-00002-1,（仮称）北上野2丁目計画　新築工事,2023-01-23,株式会社リンク・トラスト,東京都台東区,集合住宅,CASBEE-建築（新築）2021年SDGs対応版／実施設計段階,A,2027-03-28,,(tentative name) Kitaueno 2-chome project new construction construction,"Taito Ward, Tokyo",apartment complex,Taito,"Taito Ward, Tokyo, Tokyo, Japan",35.7144391,139.7988093
674,(一財)ベターリビング,CBL-CAS建築-0009-23,（仮称）神田神保町一丁目　新築工事,2023-02-10,オリックス不動産株式会社,東京都千代田区,集合住宅,CASBEE-建築（新築）2021年SDGs対応版／実施設計段階,B+,2026-11-30,,(tentative name) Kanda Jimbocho 1-chome new construction construction,"Chiyoda Ward, Tokyo",apartment complex,Chiyoda,"Chiyoda Ward, Tokyo, Tokyo, Japan",35.6938097,139.7532163
677,ハウスプラス住宅保証(株),HPCAS-22-00119-1,三井ガーデンホテル神宮外苑の杜プレミア,2023-02-22,三井不動産株式会社,東京都新宿区,ホテル,CASBEE-建築（既存）2014年版,A,2028-02-21,,Mitsui Garden Hotel Jingu Gaien no Mori Premier,"Shinjuku Ward, Tokyo",Hotel,Shinjuku,"Shinjuku Ward, Tokyo, Tokyo, Japan",35.6937632,139.7036319
682,ハウスプラス住宅保証(株),HPCAS-23-00001-1,ライオンズフォーシア神田須田町,2023-02-28,株式会社大京ソリューション,東京都千代田区,集合住宅,CASBEE-建築（新築）2021年SDGs対応版／竣工段階,B+,2026-02-14,,Lions Forsia Kanda Suda Town,"Chiyoda Ward, Tokyo",apartment complex,Chiyoda,"Chiyoda Ward, Tokyo, Tokyo, Japan",35.6938097,139.7532163
688,ハウスプラス住宅保証(株),HPCAS-23-00003-1,あきる野ディストリビューションセンター計画,2023-03-07,KICあきる野特定目的会社,東京都あきる野市,工場,CASBEE-建築（新築）2021年SDGs対応版／基本設計段階,A,2026-12-30,,Akiruno Distribution Center Plan,"Akiruno City, Tokyo",factory,,"Akiruno City, Tokyo, Tokyo, Japan",35.729228,139.2943839
692,(株)ERIソリューション,第ERICAS-BD230001DC号,ロイジェント菊川,2023-03-15,大和ハウス工業株式会社　東京本店,東京都墨田区,集合住宅,CASBEE-建築（新築）2021年SDGs対応版／実施設計段階,B+,2026-02-27,,Roygent Kikukawa,"Sumida Ward, Tokyo",apartment complex,Sumida,"Sumida Ward, Tokyo, Tokyo, Japan",35.7104196,139.8017421
698,ハウスプラス住宅保証(株),HPCAS-23-00032-1,プロロジスアーバン東京大田1プロジェクト,2023-03-23,筑波特定目的会社,東京都大田区,工場,CASBEE-建築（新築）2021年SDGs対応版／竣工段階,A,2026-02-27,,Prologis Urban Tokyo Ota 1 Project,"Ota Ward, Tokyo",factory,Ota,"Ota Ward, Tokyo, Tokyo, Japan",35.5645998,139.7278262
700,(一財)ベターリビング,CBL-CAS建築-0023-23,パークウェルステイト西麻布,2023-03-29,三井不動産レジデンシャル株式会社,東京都港区,病院,CASBEE-建築（新築）2021年SDGs対応版／実施設計段階,A,2027-06-29,,Park Wellstate Nishiazabu,"Minato Ward, Tokyo",hospital,Minato,"Minato Ward, Tokyo, Tokyo, Japan",35.6331419,139.7357806
701,ハウスプラス住宅保証(株),HPCAS-23-00004-1,板橋トラックターミナル新1・2・5・6号棟,2023-03-30,日本自動車ターミナル株式会社,東京都板橋区,工場,CASBEE-建築（新築）2021年SDGs対応版／実施設計段階,A,2026-03-30,,"Itabashi Truck Terminal New Buildings 1, 2, 5, and 6","Itabashi Ward, Tokyo",factory,Itabashi,"Itabashi Ward, Tokyo, Tokyo, Japan",35.7515359,139.7083176
703,(一財)ベターリビング,CBL-CAS建築-0021-23,ホテルマイステイズプレミア赤坂,2023-03-31,インヴィンシブル投資法人,東京都港区,ホテル,CASBEE-建築（既存）2014年版,A,2028-03-30,,HOTEL MYSTAYS PREMIER Akasaka,"Minato Ward, Tokyo",Hotel,Minato,"Minato Ward, Tokyo, Tokyo, Japan",35.6331419,139.7357806
710,(株)ERIソリューション,第ERICAS-BD220003DC号,(仮称)歌舞伎町二丁目ホテル計画,2023-04-13,株式会社フジタ,東京都新宿区,ホテル,CASBEE-建築（新築）2021年SDGs対応版／実施設計段階,A,2026-02-27,,(tentative name) Kabukicho 2-chome Hotel Plan,"Shinjuku Ward, Tokyo",Hotel,Shinjuku,"Shinjuku Ward, Tokyo, Tokyo, Japan",35.6937632,139.7036319
714,(一財)ベターリビング,CBL-CAS建築-0025-23,LOGIPLACE八王子新築工事,2023-04-21,八王子PJ特定目的会社,東京都八王子市,工場,CASBEE-建築（新築）2021年SDGs対応版／実施設計段階,A,2027-03-14,,LOGIPLACE Hachioji new construction,"Hachioji City, Tokyo",factory,,"Hachioji City, Tokyo, Tokyo, Japan",35.666412,139.3160567
719,(一財)ベターリビング,CBL-CAS建築-0030-23,T-LOGIあきる野,2023-05-10,東京建物株式会社,東京都あきる野市,工場,CASBEE-建築（新築）2021年SDGs対応版／竣工段階,S,2026-05-30,,T-LOGI Akiruno,"Akiruno City, Tokyo",factory,,"Akiruno City, Tokyo, Tokyo, Japan",35.729228,139.2943839
721,(株)ERIソリューション,第ERICAS-BD230007DC号,（仮称）quador祐天寺　新築工事,2023-05-16,株式会社リビングコーポレーション,東京都世田谷区,集合住宅,CASBEE-建築（新築）2021年SDGs対応版／実施設計段階,A,2026-12-19,,(tentative name) quador Yutenji new construction work,"Setagaya Ward, Tokyo",apartment complex,Setagaya,"Setagaya Ward, Tokyo, Tokyo, Japan",35.6588346,139.6561511
724,ビューローベリタスジャパン(株),BVJ-KAM23-0045-CAS-NC,ÉCLAVIE目黒,2023-05-18,フジイ興産株式会社,東京都目黒区,集合住宅,CASBEE-建築（新築）2021年SDGs対応版／竣工段階,A,2027-06-29,,ÉCLAVIE Meguro,"Meguro Ward, Tokyo",apartment complex,Meguro,"Meguro Ward, Tokyo, Tokyo, Japan",35.6412891,139.6983834
730,(株)ERIソリューション,第ERICAS-BD220001DC号,株式会社ソフトウエア・サービス東京支社,2023-05-30,株式会社ソフトウエア・サービス,東京都大田区,事務所,CASBEE-建築（新築）2021年SDGs対応版／竣工段階,A,2025-05-24,1.0,"Software Service Co., Ltd. Tokyo Branch","Ota Ward, Tokyo",office,Ota,"Ota Ward, Tokyo, Tokyo, Japan",35.5645998,139.7278262
731,ハウスプラス住宅保証(株),HPCAS-23-00054-1,(仮称)千駄ヶ谷五丁目計画,2023-05-31,三菱地所株式会社／SMFLみらいパートナーズ株式会社,東京都渋谷区,事務所,CASBEE-建築（新築）2021年SDGs対応版／実施設計段階,A,2026-12-14,,(tentative name) Sendagaya 5-chome project,"Shibuya Ward, Tokyo",office,Shibuya,"Shibuya Ward, Tokyo, Tokyo, Japan",35.663765,139.6978121
732,ハウスプラス住宅保証(株),HPCAS-23-00036-1,(仮称)蔵前計画 新築工事,2023-05-31,株式会社　大京,東京都台東区,集合住宅,CASBEE-建築（新築）2021年SDGs対応版／実施設計段階,B+,2025-12-19,1.0,(Tentative name) Kuramae plan New construction work,"Taito Ward, Tokyo",apartment complex,Taito,"Taito Ward, Tokyo, Tokyo, Japan",35.7144391,139.7988093
740,ハウスプラス住宅保証(株),HPCAS-23-00051-1,ライオンズフォーシア中野新築工事,2023-06-19,株式会社　大京,東京都中野区,集合住宅,CASBEE-建築（新築）2021年SDGs対応版／実施設計段階,B+,2026-06-29,,Lions Forsia Nakano new construction,"Nakano Ward, Tokyo",apartment complex,Nakano,"Nakano Ward, Tokyo, Tokyo, Japan",35.4032696,139.6189422
759,(株)ERIソリューション,第ERICAS BD210002号,ESCALIER六番町,2023-08-07,リアルパートナーズ株式会社,東京都千代田区,事務所,CASBEE-建築（新築）2021年SDGs対応版／実施設計段階,A,2026-10-30,,ESCALIER Rokubancho,"Chiyoda Ward, Tokyo",office,Chiyoda,"Chiyoda Ward, Tokyo, Tokyo, Japan",35.6938097,139.7532163
761,(一財)ベターリビング,CBL-CAS建築-0033-23,ＩＭＭ　ＴＨＥＡＴＥＲ,2023-08-10,株式会社東京ドーム,東京都文京区,集会所,CASBEE-建築（新築）2021年SDGs対応版／実施設計段階,A,2026-11-09,,IMM THEATER,"Bunkyo Ward, Tokyo",meeting place,Bunkyo,"Bunkyo Ward, Tokyo, Tokyo, Japan",35.5387008,139.4334397
765,(一財)日本建築センター,BCJ-CAS0117-BE,潮見プロジェクト A棟 本館,2023-08-24,清水建設株式会社,東京都江東区,事務所,CASBEE-建築（新築）2021年SDGs対応版／竣工段階,S,2026-11-29,,Shiomi Project Building A Main Building,"Koto Ward, Tokyo",office,Koto,"Koto Ward, Tokyo, Tokyo, Japan",35.6541912,139.7952595
770,(一財)ベターリビング,CBL-CAS建築-0043-23,麻布台ヒルズ 森JPタワー,2023-08-31,森ビル株式会社,東京都港区,事務所・集合住宅,CASBEE-建築（新築）2021年SDGs対応版／竣工段階,S,2026-06-29,,Azabudai Hills Mori JP Tower,"Minato Ward, Tokyo",Offices/Apartments,Minato,"Minato Ward, Tokyo, Tokyo, Japan",35.6331419,139.7357806
775,(一財)ベターリビング,CBL-CAS建築-0049-23,（仮称）八丁堀3丁目計画 新築工事,2023-09-21,オリックス不動産株式会社,東京都中央区,集合住宅,CASBEE-建築（新築）2021年SDGs対応版／実施設計段階,B+,2027-06-29,,(tentative name) Hatchobori 3-chome project New construction work,"Chuo Ward, Tokyo",apartment complex,Chuo,"Chuo Ward, Tokyo, Tokyo, Japan",35.6878375,139.7893648
777,(一財)ベターリビング,CBL-CAS建築-0047-23,中野区新庁舎,2023-09-22,中野区,東京都中野区,事務所,CASBEE-建築（新築）2021年SDGs対応版／実施設計段階,S,2027-02-28,,Nakano Ward new government building,"Nakano Ward, Tokyo",office,Nakano,"Nakano Ward, Tokyo, Tokyo, Japan",35.4032696,139.6189422
781,(一財)日本建築センター,BCJ-CAS0121-BE,（仮称）内神田一丁目計画,2023-09-28,三菱地所株式会社,東京都千代田区,事務所,CASBEE-建築（新築）2021年SDGs対応版／実施設計段階,S,2028-11-29,,(tentative name) Uchikanda 1-chome project,"Chiyoda Ward, Tokyo",office,Chiyoda,"Chiyoda Ward, Tokyo, Tokyo, Japan",35.6938097,139.7532163
784,(株)ERIソリューション,第ERICAS BD230015号,（仮称）quador中野坂上Ⅱ　新築工事,2023-09-28,株式会社リビングコーポレーション,東京都中野区,集合住宅,CASBEE-建築（新築）2021年SDGs対応版／実施設計段階,A,2027-03-14,,(tentative name) quador Nakano Sakagami II new construction,"Nakano Ward, Tokyo",apartment complex,Nakano,"Nakano Ward, Tokyo, Tokyo, Japan",35.4032696,139.6189422
786,(一財)ベターリビング,CBL-CAS建築-0046-23,富士ソフト汐留ビル,2023-09-29,富士ソフト株式会社,東京都港区,事務所,CASBEE-建築（新築）2021年SDGs対応版／実施設計段階,S,2027-02-14,,Fujisoft Shiodome Building,"Minato Ward, Tokyo",office,Minato,"Minato Ward, Tokyo, Tokyo, Japan",35.6331419,139.7357806
790,(株)ERIソリューション,第ERICAS BD230018号,(仮称)quador市谷台町　新築工事,2023-10-05,株式会社リビングコーポレーション,東京都新宿区,集合住宅,CASBEE-建築（新築）2021年SDGs対応版／実施設計段階,A,2027-03-18,,(tentative name)quador Ichigayadaicho new construction work,"Shinjuku Ward, Tokyo",apartment complex,Shinjuku,"Shinjuku Ward, Tokyo, Tokyo, Japan",35.6937632,139.7036319
792,ハウスプラス住宅保証(株),HPCAS-23-00106-1,NEWNO浅草,2023-10-06,SMFLみらいパートナーズ株式会社,東京都台東区,事務所,CASBEE-建築（新築）2021年SDGs対応版／竣工段階,A,2026-04-02,,NEWNO Asakusa,"Taito Ward, Tokyo",office,Taito,"Taito Ward, Tokyo, Tokyo, Japan",35.7144391,139.7988093
793,(株)東京建築検査機構,TBTC-CAS0045-NC,(仮称)さわやか信用金庫 大森支店新築工事,2023-10-06,さわやか信用金庫,東京都大田区,事務所,CASBEE-建築（新築）2021年SDGs対応版／実施設計段階,A,2027-08-30,,(tentative name) Sawayaka Shinkin Bank Omori Branch new construction,"Ota Ward, Tokyo",office,Ota,"Ota Ward, Tokyo, Tokyo, Japan",35.5645998,139.7278262
796,(一財)ベターリビング,CBL-CAS建築-0050-23,（仮称）セコム三鷹第4センター,2023-10-13,セコムトラストシステムズ株式会社,東京都三鷹市,工場,CASBEE-建築（新築）2021年SDGs対応版／実施設計段階,S,2028-05-29,,(tentative name) SECOM Mitaka Center 4,"Mitaka City, Tokyo",factory,,"Mitaka City, Tokyo, Tokyo, Japan",35.6835109,139.5595602
798,(一財)ベターリビング,CBL-CAS建築-0052-23,髙松コンストラクショングループ 東京本社ビル,2023-10-16,株式会社髙松コンストラクショングループ,東京都港区,事務所 ,CASBEE-建築（新築）2021年SDGs対応版／竣工段階,A,2026-03-30,,Takamatsu Construction Group Tokyo Head Office Building,"Minato Ward, Tokyo",office,Minato,"Minato Ward, Tokyo, Tokyo, Japan",35.6331419,139.7357806
806,ハウスプラス住宅保証(株),HPCAS-23-00081-1,（仮称）西大井二丁目計画,2023-10-26,株式会社イノベーション都市開発,東京都品川区,集合住宅,CASBEE-建築（新築）2021年SDGs対応版／実施設計段階,B+,2027-09-29,,(tentative name) Nishi-Oi 2-chome project,"Shinagawa Ward, Tokyo",apartment complex,Shinagawa,"Shinagawa Ward, Tokyo, Tokyo, Japan",35.6092008,139.7301982
818,ハウスプラス住宅保証(株),HPCAS-23-00127-1,ザ・ライオンズフォーシア八丁堀,2023-11-29,株式会社 大京,東京都中央区,集合住宅,CASBEE-建築（新築）2021年SDGs対応版／実施設計段階,B+,2026-12-06,,The Lions Forcia Hatchobori,"Chuo Ward, Tokyo",apartment complex,Chuo,"Chuo Ward, Tokyo, Tokyo, Japan",35.6878375,139.7893648
820,(一財)ベターリビング,CBL-CAS建築-0056-23,五反田ＪＰビルディング,2023-11-30,日本郵政不動産株式会社,東京都品川区,事務所・ホテル,CASBEE-建築（新築）2021年SDGs対応版／実施設計段階,S,2026-12-10,,Gotanda JP Building,"Shinagawa Ward, Tokyo",Office/Hotel,Shinagawa,"Shinagawa Ward, Tokyo, Tokyo, Japan",35.6092008,139.7301982
821,(一財)ベターリビング,CBL-CAS建築-0055-23,虎ノ門ヒルズ ステーションタワー,2023-11-30,森ビル株式会社,東京都港区,事務所,CASBEE-建築（新築）2021年SDGs対応版／竣工段階,S,2026-07-13,,Toranomon Hills Station Tower,"Minato Ward, Tokyo",office,Minato,"Minato Ward, Tokyo, Tokyo, Japan",35.6331419,139.7357806
822,(株)ERIソリューション,第ERICAS BD230026号,（仮称）日本橋室町四丁目プロジェクト,2023-12-06,菱華産業株式会社,東京都中央区,事務所,CASBEE-建築（新築）2021年SDGs対応版／実施設計段階,A,2026-11-29,,(tentative name) Nihonbashi Muromachi 4-chome Project,"Chuo Ward, Tokyo",office,Chuo,"Chuo Ward, Tokyo, Tokyo, Japan",35.6878375,139.7893648
828,(株)東京建築検査機構,TBTC-CAS0047-NC,ラグゼナ用賀 新築工事,2023-12-19,MIRARTHホールディングス株式会社,東京都世田谷区,集合住宅,CASBEE-建築（新築）2021年SDGs対応版／竣工段階,A,2026-12-30,,Lagusena Yoga new construction,"Setagaya Ward, Tokyo",apartment complex,Setagaya,"Setagaya Ward, Tokyo, Tokyo, Japan",35.6588346,139.6561511
829,(株)東京建築検査機構,TBTC-CAS0048-NC,群馬銀行池袋ビル新築工事,2023-12-19,株式会社群馬銀行,東京都豊島区,事務所,CASBEE-建築（新築）2021年SDGs対応版／竣工段階,A,2026-09-28,,Gunma Bank Ikebukuro Building new construction,"Toshima Ward, Tokyo",office,Toshima,"Toshima Ward, Tokyo, Tokyo, Japan",35.7247126,139.6836795
831,(一財)ベターリビング,CBL-CAS建築-0057-23,POLA青山ビルディング,2023-12-21,株式会社ピーオーリアルエステート,東京都港区,事務所・集会所・学校・工場,CASBEE-建築（新築）2021年SDGs対応版／実施設計段階,S,2027-02-28,,POLA Aoyama Building,"Minato Ward, Tokyo",Offices/meeting halls/schools/factories,Minato,"Minato Ward, Tokyo, Tokyo, Japan",35.6331419,139.7357806
832,(一財)ベターリビング,CBL-CAS建築-0059-23,虎ノ門ヒルズ 江戸見坂テラス,2023-12-22,森ビル株式会社,東京都港区,事務所・集合住宅,CASBEE-建築（新築）2021年SDGs対応版／竣工段階,A,2026-07-13,,Toranomon Hills Edomisaka Terrace,"Minato Ward, Tokyo",Offices/Apartments,Minato,"Minato Ward, Tokyo, Tokyo, Japan",35.6331419,139.7357806
834,ハウスプラス住宅保証(株),HPCAS-23-00150-1,PDハウス西東京,2023-12-25,NECキャピタルソリューション株式会社,東京都西東京市,病院,CASBEE-建築（新築）2021年SDGs対応版／竣工段階,B+,2025-08-30,1.0,PD House Nishi Tokyo,"Nishi-Tokyo City, Tokyo",hospital,,"Nishi-Tokyo City, Tokyo, Tokyo, Japan",,
836,(一財)ベターリビング,CBL-CAS建築-0060-23,（仮称）新橋五丁目計画,2023-12-28,旭化成不動産レジデンス株式会社,東京都港区,事務所,CASBEE-建築（新築）2021年SDGs対応版／実施設計段階,A,2028-05-30,,(tentative name) Shinbashi 5-chome project,"Minato Ward, Tokyo",office,Minato,"Minato Ward, Tokyo, Tokyo, Japan",35.6331419,139.7357806
839,(株)ERIソリューション,第ERICAS BD230019号,（仮称）GINZA HOTEL,2024-01-12,Frasers Hospitality Ginza 特定目的会社,東京都港区,ホテル,CASBEE-建築（新築）2021年SDGs対応版／実施設計段階,A,2027-08-22,,(tentative name) GINZA HOTEL,"Minato Ward, Tokyo",Hotel,Minato,"Minato Ward, Tokyo, Tokyo, Japan",35.6331419,139.7357806
848,(一財)ベターリビング,CBL-CAS建築-0005-24,渋谷駅桜丘口地区第一種市街地再開発事業(A街区),2024-01-31,渋谷駅桜丘口地区市街地再開発組合,東京都渋谷区,事務所,CASBEE-建築（新築）2021年SDGs対応版／竣工段階,S,2026-11-29,,Shibuya Station Sakuragaoka Exit Area Type 1 Urban Redevelopment Project (Block A),"Shibuya Ward, Tokyo",office,Shibuya,"Shibuya Ward, Tokyo, Tokyo, Japan",35.663765,139.6978121
850,ハウスプラス住宅保証(株),HPCAS-23-00156-1,アクサ小伝馬町ビル,2024-02-02,ALJ Office Kodenma 合同会社,東京都中央区,事務所,CASBEE-建築（既存）2014年版,A,2029-02-01,,AXA Kodemmacho Building,"Chuo Ward, Tokyo",office,Chuo,"Chuo Ward, Tokyo, Tokyo, Japan",35.6878375,139.7893648
856,(一財)ベターリビング,CBL-CAS建築-0008-24,渋谷駅桜丘口地区第一種市街地再開発事業【B街区】,2024-02-09,渋谷駅桜丘口地区市街地再開発組合,東京都渋谷区,事務所・ホテル・集合住宅,CASBEE-建築（新築）2021年SDGs対応版／実施設計段階,A,2026-11-29,,Shibuya Station Sakuragaoka Exit Area Type 1 Urban Redevelopment Project [Block Block],"Shibuya Ward, Tokyo","Offices, hotels, housing complexes",Shibuya,"Shibuya Ward, Tokyo, Tokyo, Japan",35.663765,139.6978121
861,ハウスプラス住宅保証(株),HPCAS-24-00043-1,中野セントラルパークイースト,2024-02-26,日本プライムリアルティ投資法人,東京都中野区,事務所,CASBEE-建築（既存）2014年版,A,2029-02-25,,Nakano Central Park East,"Nakano Ward, Tokyo",office,Nakano,"Nakano Ward, Tokyo, Tokyo, Japan",35.4032696,139.6189422
862,ハウスプラス住宅保証(株),HPCAS-24-00001-1,ボンセジュール田無,2024-02-27,NECキャピタルソリューション株式会社,東京都西東京市,病院,CASBEE-建築（新築）2021年SDGs対応版／竣工段階,B+,2026-06-29,,Bon Sejour Tanashi,"Nishi-Tokyo City, Tokyo",hospital,,"Nishi-Tokyo City, Tokyo, Tokyo, Japan",,
864,(一財)ベターリビング,CBL-CAS建築-0013-24,虎ノ門二丁目地区(再)特定業務代行施設建築物建設工事,2024-02-29,大成建設株式会社,東京都港区,事務所,CASBEE-建築（新築）2021年SDGs対応版／実施設計段階,S,2028-02-13,,Toranomon 2-chome district (re)Specific business agency facility building construction work,"Minato Ward, Tokyo",office,Minato,"Minato Ward, Tokyo, Tokyo, Japan",35.6331419,139.7357806
866,(一財)ベターリビング,CBL-CAS建築-0017-24,（仮称）芝浦4丁目オフィスビル開発事業新築工事,2024-02-29,東京建物株式会社,東京都港区,事務所,CASBEE-建築（新築）2021年SDGs対応版／実施設計段階,S,2027-03-24,,（仮称）芝浦4丁目オフィスビル開発事業新築工事,"Minato Ward, Tokyo",office,Minato,"Minato Ward, Tokyo, Tokyo, Japan",35.6331419,139.7357806
868,ビューローベリタスジャパン(株),BVJ-KAM24-0003-CAS-NC,（仮称）京浜島物流施設建設工事,2024-02-29,京浜島二丁目開発特定目的会社,東京都大田区,工場,CASBEE-建築（新築）2021年SDGs対応版／竣工段階,A,2027-02-28,,(tentative name) Keihinjima logistics facility construction work,"Ota Ward, Tokyo",factory,Ota,"Ota Ward, Tokyo, Tokyo, Japan",35.5645998,139.7278262
870,ハウスプラス住宅保証(株),HPCAS-24-00007-1,LOGI'Q南砂町,2024-03-08,ブローディア・プライベート投資法人,東京都江東区,工場,CASBEE-建築（新築）2021年SDGs対応版／竣工段階,A,2025-06-27,1.0,LOGI'Q Minami Sunamachi,"Koto Ward, Tokyo",factory,Koto,"Koto Ward, Tokyo, Tokyo, Japan",35.6541912,139.7952595
872,(一財)ベターリビング,CBL-CAS建築-0019-24,DPL青梅,2024-03-15,青梅開発特定目的会社,東京都青梅市,工場,CASBEE-建築（新築）2021年SDGs対応版／竣工段階,A,2027-04-29,,DPL Ome,"Ome City, Tokyo",factory,,"Ome City, Tokyo, Tokyo, Japan",35.7880394,139.2754537
873,(一財)ベターリビング,CBL-CAS建築-0021-24,（仮称）多慶屋台東四丁目計画（A地区）,2024-03-15,株式会社多慶屋　代表取締役社長　竹谷　宗二,東京都台東区,事務所,CASBEE-建築（新築）2021年SDGs対応版／実施設計段階,A,2028-09-29,,(tentative name) Takei Yatai Higashi 4-chome Plan (A district),"Taito Ward, Tokyo",office,Taito,"Taito Ward, Tokyo, Tokyo, Japan",35.7144391,139.7988093
879,ハウスプラス住宅保証(株),HPCAS-24-00040-1,N’sパークレジデンス新宿御苑,2024-03-26,日鉄興和不動産株式会社,東京都新宿区,集合住宅,CASBEE-建築（新築）2021年SDGs対応版／実施設計段階,B+,2027-03-28,,N’s Park Residence Shinjuku Gyoen,"Shinjuku Ward, Tokyo",apartment complex,Shinjuku,"Shinjuku Ward, Tokyo, Tokyo, Japan",35.6937632,139.7036319
888,(株)東京建築検査機構,TBTC-CAS0053-NC,VORT西新宿NEX,2024-04-12,株式会社 ボルテックス,東京都新宿区,事務所,CASBEE-建築（新築）2021年SDGs対応版／実施設計段階,A,2027-01-30,,VORT Nishi-Shinjuku NEX,"Shinjuku Ward, Tokyo",office,Shinjuku,"Shinjuku Ward, Tokyo, Tokyo, Japan",35.6937632,139.7036319
892,日本建築検査協会(株),JCIA-2023C-K010,住友電設株式会社東京工事センター建替計画,2024-04-19,住友電設株式会社,東京都大田区東糀谷,事務所、倉庫業を営まない倉庫,CASBEE-建築（新築）2021年SDGs対応版／実施設計段階,A,2027-07-30,,Sumitomo Wiring Corporation Tokyo Construction Center Reconstruction Plan,"Higashikojitani, Ota-ku, Tokyo",Warehouses that do not carry out office or warehousing business,Ota,"Higashikojitani, Ota-ku, Tokyo, Tokyo, Japan",,
893,(一財)日本建築センター,BCJ-CAS0139-BE,BIZCORE御茶ノ水,2024-04-23,日鉄興和不動産株式会社,東京都文京区,事務所,CASBEE-建築（新築）2021年SDGs対応版／竣工段階,A,2027-01-30,,BIZCORE Ochanomizu,"Bunkyo Ward, Tokyo",office,Bunkyo,"Bunkyo Ward, Tokyo, Tokyo, Japan",35.5387008,139.4334397
909,ハウスプラス住宅保証(株),HPCAS-24-00039-1,L.Biz平河町,2024-05-28,MIRARTHﾎｰﾙﾃﾞｨﾝｸﾞｽ株式会社,東京都千代田区,事務所,CASBEE-建築（新築）2021年SDGs対応版／竣工段階,B+,2027-05-30,,L.Biz Hirakawacho,"Chiyoda Ward, Tokyo",office,Chiyoda,"Chiyoda Ward, Tokyo, Tokyo, Japan",35.6938097,139.7532163
910,(株)ERIソリューション,第ERICAS BD240007号,(仮称)quador下北沢　新築工事,2024-05-29,株式会社リビングコーポレーション,東京都世田谷区,集合住宅,CASBEE-建築（新築）2021年SDGs対応版／実施設計段階,A,2028-03-16,,(tentative name)quador Shimokitazawa new construction,"Setagaya Ward, Tokyo",apartment complex,Setagaya,"Setagaya Ward, Tokyo, Tokyo, Japan",35.6588346,139.6561511
913,(一財)ベターリビング,CBL-CAS建築-0037-24,（仮称）吉祥寺本町一丁目PJ,2024-05-31,株式会社レーサム,東京都武蔵野市,事務所,CASBEE-建築（新築）2021年SDGs対応版／実施設計段階,Ａ,2028-11-29,,(tentative name) Kichijoji Honmachi 1-chome PJ,"Musashino City, Tokyo",office,,"Musashino City, Tokyo, Tokyo, Japan",35.717814,139.5660577
920,日本建築検査協会(株),JCIA-2023C-K013,(仮称)三芳ロジスティックセンター増築計画２,2024-06-21,ピーピーエフエー・ジャパン・ワン特定目的会社,東京都江東区,工場,CASBEE-建築（新築）2021年SDGs対応版／竣工段階,B+,2026-12-24,,(tentative name) Miyoshi Logistic Center Expansion Plan 2,"Koto Ward, Tokyo",factory,Koto,"Koto Ward, Tokyo, Tokyo, Japan",35.6541912,139.7952595
922,(株)ERIソリューション,第ERICAS BD240010号,(仮称)quador桜上水　新築工事,2024-06-27,株式会社リビングコーポレーション,東京都杉並区,集合住宅,CASBEE-建築（新築）2021年SDGs対応版／実施設計段階,A,2028-01-30,,(tentative name)quador Sakura Josui new construction,"Suginami Ward, Tokyo",apartment complex,Suginami,"Suginami Ward, Tokyo, Tokyo, Japan",35.6994929,139.6362876
925,ハウスプラス住宅保証(株),HPCAS-24-00050-1,ザ・ライオンズ世田谷八幡山,2024-07-08,株式会社　大京　本店,東京都世田谷区,集合住宅,CASBEE-建築（新築）2021年SDGs対応版／実施設計段階,S,2028-03-30,,The Lions Setagaya Hachimanyama,"Setagaya Ward, Tokyo",apartment complex,Setagaya,"Setagaya Ward, Tokyo, Tokyo, Japan",35.6588346,139.6561511
929,日本建築検査協会(株),JCIA-2024C-K01,（仮称）築地4丁目ホテル計画,2024-07-26,三井不動産株式会社　ホテル・リゾート本部,東京都中央区,ホテル,CASBEE-建築（新築）2021年SDGs対応版／実施設計段階,B+,2027-06-29,,(tentative name) Tsukiji 4-chome Hotel Plan,"Chuo Ward, Tokyo",Hotel,Chuo,"Chuo Ward, Tokyo, Tokyo, Japan",35.6878375,139.7893648
930,(一財)ベターリビング,CBL-CAS建築-0042-24,東京工業大学(大岡山)附属科学技術高等学校校舎（仮称） ,2024-07-30,国立大学法人東京工業大学 ,東京都目黒区,高等学校,CASBEE-建築（新築）2021年SDGs対応版／実施設計段階,Ｓ,2028-11-29,,東京工業大学(大岡山)附属科学技術高等学校校舎（仮称） ,"Meguro Ward, Tokyo",high school,Meguro,"Meguro Ward, Tokyo, Tokyo, Japan",35.6412891,139.6983834
932,(一財)日本建築センター,BCJ-CAS0149-BE,ロイジェントパークス押上錦糸町,2024-07-31,大和ハウス工業株式会社,東京都墨田区,集合住宅,CASBEE-建築（新築）2021年SDGs対応版／実施設計段階,A,2028-01-14,,Roygent Parks Oshiage Kinshicho,"Sumida Ward, Tokyo",apartment complex,Sumida,"Sumida Ward, Tokyo, Tokyo, Japan",35.7104196,139.8017421
941,(一財)ベターリビング,CBL-CAS建築-0046-24,Ｂｒｉｌｌｉａ深沢八丁目 ,2024-08-21,東京建物株式会社,東京都世田谷区 ,共同住宅(分譲) ,CASBEE-建築（新築）2021年SDGs対応版／実施設計段階,S,2028-02-26,,Brillia Fukasawa 8-chome,"Setagaya Ward, Tokyo",Apartment housing (for sale),Setagaya,"Setagaya Ward, Tokyo, Tokyo, Japan",35.6588346,139.6561511
942,(一財)ベターリビング,CBL-CAS建築-0048-24,国分寺市新庁舎建設工事,2024-08-21,国分寺市,東京都国分寺市,事務所,CASBEE-建築（新築）2021年SDGs対応版／実施設計段階,S,2027-09-29,,Kokubunji City new government building construction work,"Kokubunji City, Tokyo",office,,"Kokubunji City, Tokyo, Tokyo, Japan",35.6963291,139.4693602
947,(一財)日本建築センター,BCJ-CAS0153-BE,リビオレジデンス西麻布,2024-08-27,日鉄興和不動産株式会社,東京都港区,集合住宅,CASBEE-建築（新築）2021年SDGs対応版／竣工段階,A,2027-02-28,,Livio Residence Nishiazabu,"Minato Ward, Tokyo",apartment complex,Minato,"Minato Ward, Tokyo, Tokyo, Japan",35.6331419,139.7357806
955,ハウスプラス住宅保証(株),HPCAS-23-00158-1,（仮称）多摩川住宅二棟団地マンション建替え計画　新築工事,2024-09-13,多摩川住宅ニ棟団地マンション建替組合,東京都狛江市,集合住宅,CASBEE-建築（新築）2021年SDGs対応版／実施設計段階,A,2031-07-27,,(Tentative name) Tamagawa residential two-building condominium reconstruction plan - new construction work,"Komae City, Tokyo",apartment complex,,"Komae City, Tokyo, Tokyo, Japan",35.6348245,139.5787278
956,ビューローベリタスジャパン(株),BVJ-KAM24-0024-CAS-NC,(仮称)渋谷プロジェクト　新築工事,2024-09-13,株式会社　リビングコーポレーション,東京都渋谷区,共同住宅,CASBEE-建築（新築）2021年SDGs対応版／実施設計段階,A,2028-01-30,,(tentative name) Shibuya Project New construction,"Shibuya Ward, Tokyo",communal housing,Shibuya,"Shibuya Ward, Tokyo, Tokyo, Japan",35.663765,139.6978121
959,(株)ERIソリューション,第ERICAS BD240011号,Kurita Innovation Hub / Technology Innovation Center_N,2024-09-26,栗田工業株式会社,東京都昭島市拝島町　,研究所,CASBEE-建築（新築）2021年SDGs対応版／竣工段階,A,2025-03-30,1.0,Kurita Innovation Hub / Technology Innovation Center_N,"Haijima-cho, Akishima City, Tokyo",research institute,,"Haijima-cho, Akishima City, Tokyo, Tokyo, Japan",,
960,(一財)ベターリビング,CBL-CAS建築-0057-24,グラスロック,2024-09-27,森ビル株式会社,東京都港区,物販店、飲食店,CASBEE-建築（新築）2021年SDGs対応版／竣工段階,Ａ,2027-08-28,,glass rock,"Minato Ward, Tokyo","Merchandise stores, restaurants",Minato,"Minato Ward, Tokyo, Tokyo, Japan",35.6331419,139.7357806
962,(一財)日本建築センター,BCJ-CAS0158-BE,（仮称）芝浦プロジェクト　Ｓ棟,2024-09-30,野村不動産株式会社／東日本旅客鉄道株式会,東京都港区,事務所,CASBEE-建築（新築）2021年SDGs対応版／実施設計段階,S,2028-02-27,,(tentative name) Shibaura Project S Building,"Minato Ward, Tokyo",office,Minato,"Minato Ward, Tokyo, Tokyo, Japan",35.6331419,139.7357806
964,(一財)ベターリビング,CBL-CAS建築-0054-24,(仮称)唐木田プロジェクト,2024-09-30,多摩特定目的会社,東京都多摩市,工場,CASBEE-建築（新築）2021年SDGs対応版／実施設計段階,Ａ,2028-02-27,,(tentative name) Karakida Project,"Tama City, Tokyo",factory,,"Tama City, Tokyo, Tokyo, Japan",35.6371196,139.4463072
966,(一財)ベターリビング,CBL-CAS建築-0056-24,(仮称)蒲田計画　新築工事,2024-09-30,オリックス不動産株式会社,東京都大田区,集合住宅,CASBEE-建築（新築）2021年SDGs対応版／実施設計段階,Ａ,2029-03-30,,(tentative name) Kamata plan new construction work,"Ota Ward, Tokyo",apartment complex,Ota,"Ota Ward, Tokyo, Tokyo, Japan",35.5645998,139.7278262
967,ハウスプラス住宅保証(株),HPCAS-24-00095-1,（仮称）多摩地区物流センター新築工事,2024-09-30,瑞穂プロパティー特定目的会社,東京都西多摩郡瑞穂町,工場,CASBEE-建築（新築）2021年SDGs対応版／竣工段階,S,2027-06-29,,(Tentative name) New construction of Tama area distribution center,"Mizuho-cho, Nishitama-gun, Tokyo",factory,,"Mizuho-cho, Nishitama-gun, Tokyo, Tokyo, Japan",,
971,(一財)ベターリビング,CBL-CAS建築-0058-24,（仮称)東池袋３丁目 新築工事,2024-10-09,日鉄興和不動産株式会社,東京都豊島区,共同住宅 ,CASBEE-建築（新築）2021年SDGs対応版／竣工段階,Ｂ+,2027-12-27,,(tentative name) Higashiikebukuro 3-chome new construction work,"Toshima Ward, Tokyo",communal housing,Toshima,"Toshima Ward, Tokyo, Tokyo, Japan",35.7247126,139.6836795
974,(一財)ベターリビング,CBL-CAS建築-0060-24,東京ワールドゲート赤坂　赤坂トラストタワー,2024-10-17,森トラスト株式会社／エヌ･ティ･ティ都市開発株式会社,東京都港区,事務所、ホテル、共同住宅,CASBEE-建築（新築）2021年SDGs対応版／実施設計段階,Ｓ,2028-10-14,,Tokyo World Gate Akasaka Akasaka Trust Tower,"Minato Ward, Tokyo","Offices, hotels, apartment buildings",Minato,"Minato Ward, Tokyo, Tokyo, Japan",35.6331419,139.7357806
976,ハウスプラス住宅保証(株),HPCAS-24-00063-1,（仮称）ラグゼナ南千住 新築工事,2024-10-21,MIRARTHホールディングス株式会社,東京都荒川区,集合住宅,CASBEE-建築（新築）2021年SDGs対応版／実施設計段階,B+,2028-01-29,,(tentative name) Lagusena Minamisenju new construction,"Arakawa Ward, Tokyo",apartment complex,Arakawa,"Arakawa Ward, Tokyo, Tokyo, Japan",35.737529,139.78131
977,(一財)ベターリビング,CBL-CAS建築-0062-24,大和電器本社ビル新築工事,2024-10-23,大和電器ホールディングス株式会社,東京都品川区,事務所,CASBEE-建築（新築）2021年SDGs対応版／実施設計段階,Ａ,2028-04-29,,New construction of Yamato Electric head office building,"Shinagawa Ward, Tokyo",office,Shinagawa,"Shinagawa Ward, Tokyo, Tokyo, Japan",35.6092008,139.7301982
978,(一財)ベターリビング,CBL-CAS建築-0061-24,新虎安田ビル,2024-10-24,安田不動産株式会社,東京都港区,事務所,CASBEE-建築（新築）2021年SDGs対応版／竣工段階,Ａ,2027-02-28,,Shintora Yasuda Building,"Minato Ward, Tokyo",office,Minato,"Minato Ward, Tokyo, Tokyo, Japan",35.6331419,139.7357806
981,(一財)ベターリビング,CBL-CAS建築-0065-24,府中市新庁舎,2024-10-31,府中市長　高野　律雄,東京都府中市,事務所,CASBEE-建築（新築）2021年SDGs対応版／実施設計段階,Ｓ,2029-11-29,,Fuchu City New Hall,"Fuchu City, Tokyo",office,,"Fuchu City, Tokyo, Tokyo, Japan",35.6566948,139.4731728
985,(株)ERIソリューション,第ERICAS BD240014号,プレファス吉祥寺フロント,2024-11-18,株式会社 荒井商店,東京都武蔵野市,事務所,CASBEE-建築（新築）2021年SDGs対応版／竣工段階,A,2027-03-28,,Prefas Kichijoji Front,"Musashino City, Tokyo",office,,"Musashino City, Tokyo, Tokyo, Japan",35.717814,139.5660577
986,(一財)ベターリビング,CBL-CAS建築-0068-24,アライプロバンス葛西A棟新築工事,2024-11-20,株式会社アライプロバンス　代表取締役社長　新井　太郎 ,東京都江戸川区,倉庫業を営む倉庫 ,CASBEE-建築（新築）2021年SDGs対応版／竣工段階,Ａ,2027-07-18,,Arai Provence Kasai Building A new construction work,"Edogawa Ward, Tokyo",Warehouse that operates warehousing business,Edogawa,"Edogawa Ward, Tokyo, Tokyo, Japan",35.7066318,139.868677
990,日本建築検査協会(株),JCIA-2023C-K014,(仮称）東京東雲物流センター新築工事,2024-11-27,東雲プロパティー特定目的会社,東京都江東区東雲,倉庫,CASBEE-建築（新築）2021年SDGs対応版／実施設計段階,S,2027-12-30,,(tentative name) New construction of Tokyo Shinonome Logistics Center,"Shinonome, Koto-ku, Tokyo",warehouse,Koto,"Shinonome, Koto-ku, Tokyo, Tokyo, Japan",35.6441411,139.8022923
993,(一財)ベターリビング,CBL-CAS建築-0069-24,ＴＯＦＲＯＭ　ＹＡＥＳＵ,2024-12-02,東京駅前八重洲一丁目東Ａ地区市街地再開発組合／東京駅前八重洲一丁目東Ｂ地区市街地再開発組合,東京都中央区八重洲一丁目,事務所、飲食店舗、サービス店舗、診療所、劇場、集会所、共同住宅、バスターミナル、自動車車庫、自転車駐輪場,CASBEE-建築（新築）2021年SDGs対応版／実施設計段階,Ｓ,2029-02-27,,TOFROM YAESU,"Yaesu 1-chome, Chuo-ku, Tokyo","Offices, restaurants, service stores, clinics, theaters, meeting places, apartment complexes, bus terminals, car garages, bicycle parking lots",Chuo,"Yaesu 1-chome, Chuo-ku, Tokyo, Tokyo, Japan",35.682265,139.770922
994,(一財)ベターリビング,CBL-CAS建築-0072-24,（仮称）葛飾区奥戸物流施設計画【地域貢献施設棟】,2024-12-03,葛飾特定目的会社,東京都葛飾区,飲食店、倉庫,CASBEE-建築（新築）2021年SDGs対応版／実施設計段階,Ａ,2029-04-29,,（仮称）葛飾区奥戸物流施設計画【地域貢献施設棟】,"Katsushika Ward, Tokyo","Restaurants, warehouses",Katsushika,"Katsushika Ward, Tokyo, Tokyo, Japan",35.7433912,139.8473472
995,(一財)ベターリビング,CBL-CAS建築-0073-24,（仮称）葛飾区奥戸物流施設計画【倉庫棟】,2024-12-03,葛飾特定目的会社,東京都葛飾区,倉庫,CASBEE-建築（新築）2021年SDGs対応版／実施設計段階,Ｓ,2029-09-29,,(Tentative name) Katsushika Ward Okudo Logistics Facility Plan [Warehouse Building],"Katsushika Ward, Tokyo",warehouse,Katsushika,"Katsushika Ward, Tokyo, Tokyo, Japan",35.7433912,139.8473472
1000,(一財)ベターリビング,CBL-CAS建築-0076-24,KALOC南六郷,2024-12-16,鹿島建設株式会社専務執行役員 開発事業本部長 市橋 克典,東京都大田区,倉庫業を営む倉庫(常温),CASBEE-建築（新築）2021年SDGs対応版／竣工段階,Ｓ,2028-01-30,,KALOC Minamirokugo,"Ota Ward, Tokyo",Warehouse for warehousing business (normal temperature),Ota,"Ota Ward, Tokyo, Tokyo, Japan",35.5645998,139.7278262
1001,(一財)ベターリビング,CBL-CAS建築-0078-24,(仮称)新保健施設等複合施設新築工事,2024-12-16,墨田区長　山本　亨,東京都墨田区,事務所,CASBEE-建築（新築）2021年SDGs対応版／実施設計段階,Ａ,2027-06-27,,(tentative name) New construction of complex facilities such as new health facilities,"Sumida Ward, Tokyo",office,Sumida,"Sumida Ward, Tokyo, Tokyo, Japan",35.7104196,139.8017421
1005,(一財)ベターリビング,CBL-CAS建築-0082-24,MSH日本橋箱崎ビル,2024-12-23,三井倉庫ホールディングス株式会社,東京都中央区,事務所、物販店、工場等,CASBEE-建築（改修）2014年版,Ａ,2027-12-30,,MSH Nihonbashi Hakozaki Building,"Chuo Ward, Tokyo","Offices, retail stores, factories, etc.",Chuo,"Chuo Ward, Tokyo, Tokyo, Japan",35.6878375,139.7893648
1006,(一財)ベターリビング,CBL-CAS建築-0071-24,ヒルトン東京お台場,2024-12-25,ジャパン・ホテル・リート投資法人,東京都港区,ホテル,CASBEE-建築（既存）2014年版,B+,2029-12-24,,Hilton Tokyo Odaiba,"Minato Ward, Tokyo",Hotel,Minato,"Minato Ward, Tokyo, Tokyo, Japan",35.6331419,139.7357806
1008,(一財)ベターリビング,CBL-CAS建築-0079-24,八重洲通フィルテラス,2024-12-27,日本毛織株式会社／住友商事株式会社,東京都中央区,事務所、飲食店 ,CASBEE-建築（新築）2021年SDGs対応版／実施設計段階,Ｓ,2028-01-30,,Yaesu Dori Phil Terrace,"Chuo Ward, Tokyo","offices, restaurants",Chuo,"Chuo Ward, Tokyo, Tokyo, Japan",35.6878375,139.7893648
1011,日本建築検査協会(株),JCIA-2024C-K09,ＮＸ武道館,2025-01-06,日本通運株式会社,東京都板橋区志村,スポーツ練習場,CASBEE-建築（新築）2021年SDGs対応版／竣工段階,A,2027-09-12,,NX Budokan,"Shimura, Itabashi-ku, Tokyo",sports practice field,Itabashi,"Shimura, Itabashi-ku, Tokyo, Tokyo, Japan",35.7752578,139.6908861
1014,(一財)日本建築センター,BCJ-CAS0171-BE,（仮称）唐木田２プロジェクト,2025-01-10,多摩２特定目的会社,東京都多摩市　,工場,CASBEE-建築（新築）2021年SDGs対応版／実施設計段階,Ｂ+,2029-05-28,,(tentative name) Karakida 2 Project,"Tama City, Tokyo",factory,,"Tama City, Tokyo, Tokyo, Japan",35.6371196,139.4463072
1015,(株)ERIソリューション,第ERICAS BD240018号,みずほ中目黒スクエア,2025-01-14,株式会社 みずほ銀行,東京都目黒区,事務所,CASBEE-建築（新築）2021年SDGs対応版／竣工段階,S,2028-01-14,,Mizuho Nakameguro Square,"Meguro Ward, Tokyo",office,Meguro,"Meguro Ward, Tokyo, Tokyo, Japan",35.6412891,139.6983834
1024,ハウスプラス住宅保証(株),HPCAS-24-00117-1,ザ・ライオンズフォーシア町屋,2025-01-24,株式会社大京,東京都荒川区,集合住宅,CASBEE-建築（新築）2021年SDGs対応版／竣工段階,B+,2028-02-20,,The Lions Forcia Machiya,"Arakawa Ward, Tokyo",apartment complex,Arakawa,"Arakawa Ward, Tokyo, Tokyo, Japan",35.737529,139.78131
1025,(一財)ベターリビング,CBL-CAS建築-0007-25,(仮称)文京区湯島一丁目計画 新築工事 ,2025-01-27,日鉄興和不動産 株式会社,東京都文京区 ,共同住宅 ,CASBEE-建築（新築）2021年SDGs対応版／竣工段階,Ｂ+,2028-01-29,,"(tentative name) Yushima 1-chome project, Bunkyo Ward New construction work","Bunkyo Ward, Tokyo",communal housing,Bunkyo,"Bunkyo Ward, Tokyo, Tokyo, Japan",35.5387008,139.4334397
1028,ハウスプラス住宅保証(株),HPCAS-24-00114-1,ＰＤハウス国立,2025-02-05,NCSアールイーキャピタル株式会社,東京都国立市,病院,CASBEE-建築（新築）2021年SDGs対応版／竣工段階,B+,2026-12-19,,PD House Kunitachi,"Kunitachi City, Tokyo",hospital,,"Kunitachi City, Tokyo, Tokyo, Japan",35.6784485,139.4366765
1029,日本建築検査協会(株),JCIA-2024C-K11,（仮称）京浜島物流センター計画,2025-02-06,合同会社京浜島物流,東京都大田区,倉庫,CASBEE-建築（新築）2021年SDGs対応版／竣工段階,B+,2027-08-18,,(tentative name) Keihinjima Logistics Center Plan,"Ota Ward, Tokyo",warehouse,Ota,"Ota Ward, Tokyo, Tokyo, Japan",35.5645998,139.7278262
1043,ビューローベリタスジャパン(株),BVJ-KAM24-0096-CAS-NC,(仮称)CREDO羽村プロジェクト,2025-02-28,株式会社相鉄アーバンクリエイツ,東京都羽村市,工場,CASBEE-建築（新築）2021年SDGs対応版追補版／竣工段階,A,2027-11-29,,(tentative name) CREDO Hamura Project,"Hamura City, Tokyo",factory,,"Hamura City, Tokyo, Tokyo, Japan",35.756385,139.3223289
1062,(株)ERIソリューション,第ERICAS BD250004号,(仮称)新宿区高田馬場1丁目計画,2025-03-31,特定目的会社ハイ・マウンテン,東京都新宿区高田馬場,事務所,CASBEE-建築（新築）2021年SDGs対応版／実施設計段階,A,2028-02-29,,(Tentative name) Shinjuku-ku Takadanobaba 1-chome project,"Takadanobaba, Shinjuku-ku, Tokyo",office,Shinjuku,"Takadanobaba, Shinjuku-ku, Tokyo, Tokyo, Japan",35.7127361,139.7039724
1064,(一財)ベターリビング,CBL-CAS建築-0024-25,クインテット錦糸公園,2025-03-31,カメリア合同会社,東京都墨田区,共同住宅,CASBEE-建築（新築）2021年SDGs対応版／竣工段階,Ｂ-,2027-09-05,,Quintet Kinshi Park,"Sumida Ward, Tokyo",communal housing,Sumida,"Sumida Ward, Tokyo, Tokyo, Japan",35.7104196,139.8017421
1067,(一財)ベターリビング,CBL-CAS建築-0020-25,板橋トラックターミナル 新3・4・7号棟,2025-04-01,日本自動車ターミナル株式会社 代表取締役社長 黒沼 靖,東京都板橋区,工場,CASBEE-建築（新築）2021年SDGs対応版／実施設計段階,Ａ,2028-04-29,,"Itabashi Truck Terminal New Buildings 3, 4, and 7","Itabashi Ward, Tokyo",factory,Itabashi,"Itabashi Ward, Tokyo, Tokyo, Japan",35.7515359,139.7083176
1068,(一財)ベターリビング,CBL-CAS建築-0028-25,リビオメゾン西麻布,2025-04-01,日鉄興和不動産株式会社,東京都港区,共同住宅,CASBEE-建築（新築）2021年SDGs対応版／竣工段階,Ｂ+,2028-12-11,,Livio Maison Nishiazabu,"Minato Ward, Tokyo",communal housing,Minato,"Minato Ward, Tokyo, Tokyo, Japan",35.6331419,139.7357806
1070,(一財)ベターリビング,CBL-CAS建築-0025-25,リビオメゾン新宿west,2025-04-10,日鉄興和不動産株式会社,東京都新宿区,共同住宅,CASBEE-建築（新築）2021年SDGs対応版／実施設計段階,Ｂ+,2028-07-29,,Livio Maison Shinjuku west,"Shinjuku Ward, Tokyo",communal housing,Shinjuku,"Shinjuku Ward, Tokyo, Tokyo, Japan",35.6937632,139.7036319
1073,(一財)ベターリビング,CBL-CAS建築-0032-25,公認会計士会館,2025-04-21,日本公認会計士協会,東京都千代田区,事務所,CASBEE-建築（改修）2014年版,Ａ,2029-03-30,,Certified Public Accountant Hall,"Chiyoda Ward, Tokyo",office,Chiyoda,"Chiyoda Ward, Tokyo, Tokyo, Japan",35.6938097,139.7532163
1075,(一財)日本建築センター,BCJ-CAS0184-BE,東熱 技術研究開発センター,2025-04-25,東洋熱工業株式会社,東京都葛飾区,事務所,CASBEE-建築（新築）2021年SDGs対応版追補版／実施設計段階,Ｓ,2028-06-15,,TOKYO HOT Technology Research and Development Center,"Katsushika Ward, Tokyo",office,Katsushika,"Katsushika Ward, Tokyo, Tokyo, Japan",35.7433912,139.8473472
1077,(一財)ベターリビング,CBL-CAS建築-0033-25,ザ・ライオンズフォーシア外神田,2025-05-01,株式会社大京,東京都千代田区,集合住宅,CASBEE-建築（新築）2021年SDGs対応版／実施設計段階,Ｂ+,2028-05-14,,The Lions Forcia Sotokanda,"Chiyoda Ward, Tokyo",apartment complex,Chiyoda,"Chiyoda Ward, Tokyo, Tokyo, Japan",35.6938097,139.7532163
1078,(一財)ベターリビング,CBL-CAS建築-0030-25,リビオメゾン芝浦,2025-05-15,日鉄興和不動産株式会社,東京都港区,集合住宅,CASBEE-建築（新築）2021年SDGs対応版／実施設計段階,Ａ,2028-06-14,,Livio Maison Shibaura,"Minato Ward, Tokyo",apartment complex,Minato,"Minato Ward, Tokyo, Tokyo, Japan",35.6331419,139.7357806
1079,(一財)ベターリビング,CBL-CAS建築-0034-25,リビオメゾン東北沢,2025-05-15,日鉄興和不動産株式会社,東京都世田谷区北沢1丁目19番17号,集合住宅,CASBEE-建築（新築）2021年SDGs対応版／実施設計段階,Ａ,2028-06-10,,Livio Maison Higashikitazawa,"1-19-17 Kitazawa, Setagaya-ku, Tokyo",apartment complex,Setagaya,"1-19-17 Kitazawa, Setagaya-ku, Tokyo, Tokyo, Japan",35.6628076,139.6729405
1084,(一財)日本建築センター,BCJ-CAS0190-BE,MFLP・LOGIFRONT 東京板橋,2025-05-28,三井不動産株式会社／日鉄興和不動産株式会社,東京都板橋区,工場,CASBEE-建築（新築）2021年SDGs対応版／竣工段階,S,2027-09-29,,MFLP・LOGIFRONT Tokyo Itabashi,"Itabashi Ward, Tokyo",factory,Itabashi,"Itabashi Ward, Tokyo, Tokyo, Japan",35.7515359,139.7083176
1086,(一財)ベターリビング,CBL-CAS建築-0011-25,（仮称）千駄ヶ谷三丁目計画,2025-05-31,合同会社　千駄ヶ谷三丁目,東京都渋谷区,事務所,CASBEE-建築（新築）2021年SDGs対応版／竣工段階,Ａ,2028-05-30,,(tentative name) Sendagaya 3-chome project,"Shibuya Ward, Tokyo",office,Shibuya,"Shibuya Ward, Tokyo, Tokyo, Japan",35.663765,139.6978121
1087,(一財)日本建築センター,BCJ-CAS0191-BE,原宿クエスト,2025-06-02,エヌ・ティ・ティ都市開発株式会社,東京都渋谷区,物販店、飲食店,CASBEE-建築（新築）2021年SDGs対応版／実施設計段階,A,2028-07-30,,Harajuku Quest,"Shibuya Ward, Tokyo","Merchandise stores, restaurants",Shibuya,"Shibuya Ward, Tokyo, Tokyo, Japan",35.663765,139.6978121
1089,ハウスプラス住宅保証(株),HPCAS-25-00007-1,THE GRANDUO 二子玉川,2025-06-13,株式会社フェイスネットワーク,東京都世田谷区,集合住宅,CASBEE-建築（新築）2021年SDGs対応版追補版／実施設計段階,S,2029-02-16,,THE GRANDUO Futakotamagawa,"Setagaya Ward, Tokyo",apartment complex,Setagaya,"Setagaya Ward, Tokyo, Tokyo, Japan",35.6588346,139.6561511
1092,(一財)日本建築センター,BCJ-CAS0195-BE,Hi-gs 日本橋,2025-06-23,三井住友信託銀行株式会社／株式会社東日本銀行,東京都中央区,事務所,CASBEE-建築（新築）2021年SDGs対応版／竣工段階,S,2028-06-29,,Hi-gs Nihonbashi,"Chuo Ward, Tokyo",office,Chuo,"Chuo Ward, Tokyo, Tokyo, Japan",35.6878375,139.7893648
1098,グッド・アイズ建築検査機構,GECAS 24 -10002,パークアクシス板橋本町テーションゲート,2025-06-30,ピーピーエフエー・ジャパン・エイト特定目的会社 取締役  中村  武,東京都板橋区,共同住宅,CASBEE-建築(新築) 2021年SDGｓ対応版／竣工段階,A,2027-11-17,,Park Axis Itabashi Honmachi Station Gate,"Itabashi Ward, Tokyo",communal housing,Itabashi,"Itabashi Ward, Tokyo, Tokyo, Japan",35.7515359,139.7083176
1102,(一財)ベターリビング,CBL-CAS建築-0043-25,長瀬産業(株)東京本社ビル新築計画,2025-07-14,長瀬産業株式会社,東京都中央区,事務所,CASBEE-建築（新築）2021年SDGs対応版／実施設計段階,Ｓ,2029-06-29,,"Nagase Sangyo Co., Ltd. Tokyo Head Office Building New Construction Plan","Chuo Ward, Tokyo",office,Chuo,"Chuo Ward, Tokyo, Tokyo, Japan",35.6878375,139.7893648
1103,(株)東京建築検査機構,TBTC-CAS0067-NC,OIMACHI TRACKS (大井町駅周辺広町地区開発計画A-1地区),2025-07-18,東日本旅客鉄道株式会社,東京都品川区広町,事務所、物販店、飲食店、ホテル、等,CASBEE-建築（新築）2021年SDGs対応版／実施設計段階,S,2029-03-30,,OIMACHI TRACKS (A-1 area of ​​the Hiromachi area development plan around Oimachi Station),"Hiromachi, Shinagawa-ku, Tokyo","Offices, retail stores, restaurants, hotels, etc.",Shinagawa,"Hiromachi, Shinagawa-ku, Tokyo, Tokyo, Japan",35.6123631,139.7336817
1107,(一財)日本建築センター,BCJ-CAS0198-BE,Apollo1工事,2025-07-28,Beta Investment Japan 特定目的会社,東京都府中市日鋼町,事務所,CASBEE-建築（新築）2021年SDGs対応版追補版／実施設計段階,A,2030-12-30,,Apollo1 construction,"Nikkocho, Fuchu City, Tokyo",office,,"Nikkocho, Fuchu City, Tokyo, Tokyo, Japan",,
1109,日本建築検査協会(株),JCIA-2025C-K002,LOGIWITH八王子,2025-07-29,中央日本土地建物株式会社,東京都八王子市,倉庫,CASBEE-建築（新築）2016年版／竣工段階,A,2027-04-15,,LOGIWITH Hachioji,"Hachioji City, Tokyo",warehouse,,"Hachioji City, Tokyo, Tokyo, Japan",35.666412,139.3160567
1116,(株)ERIソリューション,第ERICAS BD250011DC号,ザ・ライオンズフォーシア　文京湯島,2025-08-25,株式会社大京,東京都文京区湯島,共同住宅,CASBEE-建築（新築）2024年版／竣工段階,B-,2028-03-09,,The Lions Forcia Bunkyo Yushima,"Yushima, Bunkyo-ku, Tokyo",communal housing,Bunkyo,"Yushima, Bunkyo-ku, Tokyo, Tokyo, Japan",35.7073938,139.7678135
1120,(一財)ベターリビング,CBL-CAS建築-0053-25,品川区新総合庁舎（品川区役所新庁舎）,2025-09-17,品川区,東京都品川区,事務所,CASBEE-建築（新築）2024年版／実施設計段階,Ｓ,2032-06-28,,Shinagawa Ward New General Government Building (Shinagawa Ward Office New Government Building),"Shinagawa Ward, Tokyo",office,Shinagawa,"Shinagawa Ward, Tokyo, Tokyo, Japan",35.6092008,139.7301982
1121,(株)ERIソリューション,第ERICAS BD250009DC号,稲畑産業株式会社 東京本社,2025-09-18,稲畑産業株式会社,東京都中央区日本橋本町,事務所,CASBEE-建築（新築）2021年SDGs対応版追補版／実施設計段階,S,2028-06-29,,"Inabata Sangyo Co., Ltd. Tokyo Head Office","Nihonbashihonmachi, Chuo-ku, Tokyo",office,Chuo,"Nihonbashihonmachi, Chuo-ku, Tokyo, Tokyo, Japan",,
1128,(株)ERIソリューション,第ERICAS BD250015DC号,（仮称）NSKRE東陽5丁目計画 新築工事,2025-09-30,日鉄興和不動産株式会社,東京都江東区,共同住宅,CASBEE-建築（新築）2024年版／実施設計段階,B+,2029-08-30,,(tentative name) NSKRE Toyo 5-chome project New construction work,"Koto Ward, Tokyo",communal housing,Koto,"Koto Ward, Tokyo, Tokyo, Japan",35.6541912,139.7952595
1132,(一財)ベターリビング,CBL-CAS建築-0060-25,(仮称)千駄ヶ谷一丁目計画,2025-10-17,東京建物株式会社 商業事業部長 長谷山 隆史,東京都渋谷区,事務所,CASBEE-建築（新築）2021年SDGs対応版追補版／実施設計段階,Ａ,2028-10-30,,(tentative name) Sendagaya 1-chome project,"Shibuya Ward, Tokyo",office,Shibuya,"Shibuya Ward, Tokyo, Tokyo, Japan",35.663765,139.6978121
1149,(一財)日本建築センター,BCJ-CAS0213-BE,（仮称）品川駅西口地区A地区新築計画,2025-12-15,京浜急行電鉄株式会社,東京都港区,事務所、工場、ホテル,CASBEE-建築(新築) 2024年版／実施設計段階,Ａ,2032-01-30,,(tentative name) Shinagawa Station West Exit District A New Construction Plan,"Minato Ward, Tokyo","offices, factories, hotels",Minato,"Minato Ward, Tokyo, Tokyo, Japan",35.6331419,139.7357806
1152,(一財)ベターリビング,CBL-CAS建築-0066-25,プロロジスアーバン東京錦糸町１プロジェクト,2025-12-22,桜特定目的会社,東京都江東区,倉庫,CASBEE-建築(新築) 2024年版／竣工段階,Ａ,2028-06-29,,Prologis Urban Tokyo Kinshicho 1 Project,"Koto Ward, Tokyo",warehouse,Koto,"Koto Ward, Tokyo, Tokyo, Japan",35.6541912,139.7952595
