年月日西暦,年月日和暦,seq,市区町村分類,行政区分,公園区分,公園数,公園面積(㎡)
2016/4/1,H28.4.1,1,区部,千代田区,都立,1,"161,636.66"
2016/4/1,H28.4.1,2,区部,中央区,都立,1,"250,215.72"
2016/4/1,H28.4.1,3,区部,港区,都立,4,"235,658.05"
2016/4/1,H28.4.1,4,区部,新宿区,都立,1,"189,119.97"
2016/4/1,H28.4.1,5,区部,文京区,都立,2,"158,656.58"
2016/4/1,H28.4.1,6,区部,台東区,都立,2,"556,742.43"
2016/4/1,H28.4.1,7,区部,墨田区,都立,3,"133,593.01"
2016/4/1,H28.4.1,8,区部,江東区,都立,6,"1,139,436.50"
2016/4/1,H28.4.1,9,区部,品川区,都立,2,"217,553.78"
2016/4/1,H28.4.1,10,区部,目黒区,都立,0,"114,276.00"
2016/4/1,H28.4.1,12,区部,世田谷区,都立,4,"920,915.55"
2016/4/1,H28.4.1,13,区部,渋谷区,都立,2,"568,910.03"
2016/4/1,H28.4.1,15,区部,杉並区,都立,3,"519,372.80"
2016/4/1,H28.4.1,17,区部,北区,都立,1,"71,647.37"
2016/4/1,H28.4.1,18,区部,荒川区,都立,2,"191,211.11"
2016/4/1,H28.4.1,19,区部,板橋区,都立,2,"470,816.20"
2016/4/1,H28.4.1,20,区部,練馬区,都立,4,"1,059,970.76"
2016/4/1,H28.4.1,21,区部,足立区,都立,3,"911,199.18"
2016/4/1,H28.4.1,22,区部,葛飾区,都立,1,"928,253.05"
2016/4/1,H28.4.1,23,区部,江戸川区,都立,4,"1,344,780.26"
2016/4/1,H28.4.1,24,区部,その他　※1,都立,0,"34,759.95"
2016/4/1,H28.4.1,1,市部,八王子市,都立,5,"1,203,496.76"
2016/4/1,H28.4.1,2,市部,立川市,都立,0,"32,774.81"
2016/4/1,H28.4.1,3,市部,武蔵野市,都立,1,"409,053.45"
2016/4/1,H28.4.1,4,市部,三鷹市,都立,1,"472,969.89"
2016/4/1,H28.4.1,6,市部,府中市,都立,3,"484,476.32"
2016/4/1,H28.4.1,7,市部,昭島市,都立,0,"13,123.67"
2016/4/1,H28.4.1,8,市部,調布市,都立,3,"945,328.84"
2016/4/1,H28.4.1,9,市部,町田市,都立,3,"984,271.28"
2016/4/1,H28.4.1,10,市部,小金井市,都立,1,"711,870.35"
2016/4/1,H28.4.1,11,市部,小平市,都立,2,"161,232.38"
2016/4/1,H28.4.1,12,市部,日野市,都立,1,"601,372.54"
2016/4/1,H28.4.1,13,市部,東村山市,都立,3,"653,623.72"
2016/4/1,H28.4.1,14,市部,国分寺市,都立,2,"130,608.62"
2016/4/1,H28.4.1,16,市部,福生市,都立,0,498.14
2016/4/1,H28.4.1,18,市部,東大和市,都立,2,"384,618.38"
2016/4/1,H28.4.1,20,市部,東久留米市,都立,1,"50,112.04"
2016/4/1,H28.4.1,21,市部,武蔵村山市,都立,1,"1,008,772.69"
2016/4/1,H28.4.1,22,市部,多摩市,都立,1,"339,322.38"
2016/4/1,H28.4.1,25,市部,あきる野市,都立,1,"118,447.07"
2016/4/1,H28.4.1,26,市部,西東京市,都立,1,"88,328.07"
2016/4/1,H28.4.1,1,郡部,瑞穂町,都立,1,"1,044,226.65"
2016/4/1,H28.4.1,9,島部,小笠原村,都立,1,"153,125.94"
2016/4/1,H28.4.1,1,区部,千代田区,区市町村,22,"104,909.27"
2016/4/1,H28.4.1,2,区部,中央区,区市町村,54,"326,631.40"
2016/4/1,H28.4.1,3,区部,港区,区市町村,47,"263,204.53"
2016/4/1,H28.4.1,4,区部,新宿区,区市町村,176,"359,704.83"
2016/4/1,H28.4.1,5,区部,文京区,区市町村,45,"202,755.97"
2016/4/1,H28.4.1,6,区部,台東区,区市町村,50,"193,177.32"
2016/4/1,H28.4.1,7,区部,墨田区,区市町村,140,"639,288.47"
2016/4/1,H28.4.1,8,区部,江東区,区市町村,167,"1,001,364.40"
2016/4/1,H28.4.1,9,区部,品川区,区市町村,148,"510,147.39"
2016/4/1,H28.4.1,10,区部,目黒区,区市町村,80,"348,440.93"
2016/4/1,H28.4.1,11,区部,大田区,区市町村,500,"1,990,419.75"
2016/4/1,H28.4.1,12,区部,世田谷区,区市町村,410,"1,592,934.77"
2016/4/1,H28.4.1,13,区部,渋谷区,区市町村,125,"168,497.39"
2016/4/1,H28.4.1,14,区部,中野区,区市町村,163,"418,414.52"
2016/4/1,H28.4.1,15,区部,杉並区,区市町村,272,"588,745.11"
2016/4/1,H28.4.1,16,区部,豊島区,区市町村,88,"181,953.36"
2016/4/1,H28.4.1,17,区部,北区,区市町村,84,"883,433.96"
2016/4/1,H28.4.1,18,区部,荒川区,区市町村,33,"141,557.76"
2016/4/1,H28.4.1,19,区部,板橋区,区市町村,344,"1,421,791.06"
2016/4/1,H28.4.1,20,区部,練馬区,区市町村,449,"922,077.49"
2016/4/1,H28.4.1,21,区部,足立区,区市町村,335,"2,202,801.12"
2016/4/1,H28.4.1,22,区部,葛飾区,区市町村,146,"875,183.14"
2016/4/1,H28.4.1,23,区部,江戸川区,区市町村,311,"2,057,080.94"
2016/4/1,H28.4.1,1,市部,八王子市,区市町村,786,"5,535,908.00"
2016/4/1,H28.4.1,2,市部,立川市,区市町村,96,"559,456.26"
2016/4/1,H28.4.1,3,市部,武蔵野市,区市町村,112,"195,607.00"
2016/4/1,H28.4.1,4,市部,三鷹市,区市町村,37,"110,344.53"
2016/4/1,H28.4.1,5,市部,青梅市,区市町村,99,"602,357.36"
2016/4/1,H28.4.1,6,市部,府中市,区市町村,274,"1,299,063.41"
2016/4/1,H28.4.1,7,市部,昭島市,区市町村,38,"456,087.25"
2016/4/1,H28.4.1,8,市部,調布市,区市町村,199,"288,602.19"
2016/4/1,H28.4.1,9,市部,町田市,区市町村,703,"3,195,448.55"
2016/4/1,H28.4.1,10,市部,小金井市,区市町村,11,"67,650.00"
2016/4/1,H28.4.1,11,市部,小平市,区市町村,304,"351,282.15"
2016/4/1,H28.4.1,12,市部,日野市,区市町村,198,"699,448.00"
2016/4/1,H28.4.1,13,市部,東村山市,区市町村,17,"118,902.81"
2016/4/1,H28.4.1,14,市部,国分寺市,区市町村,13,"83,442.68"
2016/4/1,H28.4.1,15,市部,国立市,区市町村,25,"141,893.36"
2016/4/1,H28.4.1,16,市部,福生市,区市町村,55,"401,218.55"
2016/4/1,H28.4.1,17,市部,狛江市,区市町村,27,"106,081.39"
2016/4/1,H28.4.1,18,市部,東大和市,区市町村,96,"306,945.95"
2016/4/1,H28.4.1,19,市部,清瀬市,区市町村,4,"50,685.48"
2016/4/1,H28.4.1,20,市部,東久留米市,区市町村,135,"193,499.86"
2016/4/1,H28.4.1,21,市部,武蔵村山市,区市町村,18,"220,235.66"
2016/4/1,H28.4.1,22,市部,多摩市,区市町村,208,"2,008,908.20"
2016/4/1,H28.4.1,23,市部,稲城市,区市町村,119,"975,418.65"
2016/4/1,H28.4.1,24,市部,羽村市,区市町村,73,"339,717.37"
2016/4/1,H28.4.1,25,市部,あきる野市,区市町村,32,"181,039.74"
2016/4/1,H28.4.1,26,市部,西東京市,区市町村,49,"164,454.40"
2016/4/1,H28.4.1,1,郡部,瑞穂町,区市町村,53,"171,065.75"
2016/4/1,H28.4.1,2,郡部,日の出町,区市町村,23,"55,644.70"
2016/4/1,H28.4.1,1,島部,大島町,区市町村,1,"1,155.00"
2016/4/1,H28.4.1,2,島部,新島村,区市町村,4,"12,400.00"
2016/4/1,H28.4.1,4,島部,八丈町,区市町村,4,"112,971.38"
2016/4/1,H28.4.1,9,島部,小笠原村,区市町村,3,"9,406.68"
2016/4/1,H28.4.1,8,区部,江東区,国営,1,"67,000.00"
2016/4/1,H28.4.1,2,市部,立川市,国営,1,"1,078,000.00"
2016/4/1,H28.4.1,7,市部,昭島市,国営,,"616,000.00"
2016/4/1,H28.4.1,2,区部,中央区,海上,1,"24,513.27"
2016/4/1,H28.4.1,3,区部,港区,海上,3,"541,118.77"
2016/4/1,H28.4.1,8,区部,江東区,海上,17,"1,969,159.62"
2016/4/1,H28.4.1,9,区部,品川区,海上,6,"508,514.53"
2016/4/1,H28.4.1,11,区部,大田区,海上,10,"725,312.79"
2016/4/1,H28.4.1,23,区部,江戸川区,海上,1,"4,117,473.01"
2017/4/1,H29.4.1,1,区部,千代田区,都立,1,"161,636.66"
2017/4/1,H29.4.1,2,区部,中央区,都立,1,"250,215.72"
2017/4/1,H29.4.1,3,区部,港区,都立,4,"235,658.05"
2017/4/1,H29.4.1,4,区部,新宿区,都立,1,"186,471.81"
2017/4/1,H29.4.1,5,区部,文京区,都立,2,"158,656.58"
2017/4/1,H29.4.1,6,区部,台東区,都立,2,"556,742.43"
2017/4/1,H29.4.1,7,区部,墨田区,都立,3,"133,593.01"
2017/4/1,H29.4.1,8,区部,江東区,都立,6,"1,139,436.50"
2017/4/1,H29.4.1,9,区部,品川区,都立,2,"217,553.78"
2017/4/1,H29.4.1,10,区部,目黒区,都立,0,"114,276.00"
2017/4/1,H29.4.1,12,区部,世田谷区,都立,4,"920,915.55"
2017/4/1,H29.4.1,13,区部,渋谷区,都立,2,"568,910.03"
2017/4/1,H29.4.1,15,区部,杉並区,都立,3,"521,318.59"
2017/4/1,H29.4.1,17,区部,北区,都立,1,"71,647.37"
2017/4/1,H29.4.1,18,区部,荒川区,都立,2,"191,211.11"
2017/4/1,H29.4.1,19,区部,板橋区,都立,2,"470,816.20"
2017/4/1,H29.4.1,20,区部,練馬区,都立,4,"1,059,970.76"
2017/4/1,H29.4.1,21,区部,足立区,都立,3,"911,199.18"
2017/4/1,H29.4.1,22,区部,葛飾区,都立,1,"928,253.05"
2017/4/1,H29.4.1,23,区部,江戸川区,都立,4,"1,344,780.26"
2017/4/1,H29.4.1,24,区部,その他　※1,都立,0,"34,759.95"
2017/4/1,H29.4.1,1,市部,八王子市,都立,5,"1,229,836.49"
2017/4/1,H29.4.1,2,市部,立川市,都立,0,"32,774.81"
2017/4/1,H29.4.1,3,市部,武蔵野市,都立,1,"409,053.45"
2017/4/1,H29.4.1,4,市部,三鷹市,都立,1,"472,969.89"
2017/4/1,H29.4.1,6,市部,府中市,都立,3,"489,027.07"
2017/4/1,H29.4.1,7,市部,昭島市,都立,0,"13,123.67"
2017/4/1,H29.4.1,8,市部,調布市,都立,3,"945,328.84"
2017/4/1,H29.4.1,9,市部,町田市,都立,3,"984,271.28"
2017/4/1,H29.4.1,10,市部,小金井市,都立,1,"727,528.78"
2017/4/1,H29.4.1,11,市部,小平市,都立,2,"161,062.31"
2017/4/1,H29.4.1,12,市部,日野市,都立,1,"601,372.54"
2017/4/1,H29.4.1,13,市部,東村山市,都立,3,"653,623.72"
2017/4/1,H29.4.1,14,市部,国分寺市,都立,2,"135,732.02"
2017/4/1,H29.4.1,16,市部,福生市,都立,0,498.14
2017/4/1,H29.4.1,18,市部,東大和市,都立,2,"384,618.38"
2017/4/1,H29.4.1,20,市部,東久留米市,都立,1,"50,112.04"
2017/4/1,H29.4.1,21,市部,武蔵村山市,都立,1,"1,009,148.70"
2017/4/1,H29.4.1,22,市部,多摩市,都立,1,"339,322.38"
2017/4/1,H29.4.1,25,市部,あきる野市,都立,1,"118,447.07"
2017/4/1,H29.4.1,26,市部,西東京市,都立,1,"91,174.63"
2017/4/1,H29.4.1,1,郡部,瑞穂町,都立,1,"1,047,011.99"
2017/4/1,H29.4.1,9,島部,小笠原村,都立,1,"153,125.94"
2017/4/1,H29.4.1,1,区部,千代田区,区市町村,22,"104,909.27"
2017/4/1,H29.4.1,2,区部,中央区,区市町村,56,"319,419.11"
2017/4/1,H29.4.1,3,区部,港区,区市町村,47,"266,338.55"
2017/4/1,H29.4.1,4,区部,新宿区,区市町村,176,"359,560.83"
2017/4/1,H29.4.1,5,区部,文京区,区市町村,45,"203,217.33"
2017/4/1,H29.4.1,6,区部,台東区,区市町村,50,"193,239.73"
2017/4/1,H29.4.1,7,区部,墨田区,区市町村,141,"639,635.17"
2017/4/1,H29.4.1,8,区部,江東区,区市町村,167,"1,001,364.40"
2017/4/1,H29.4.1,9,区部,品川区,区市町村,148,"518,085.57"
2017/4/1,H29.4.1,10,区部,目黒区,区市町村,80,"348,440.93"
2017/4/1,H29.4.1,11,区部,大田区,区市町村,502,"1,992,311.21"
2017/4/1,H29.4.1,12,区部,世田谷区,区市町村,419,"1,607,792.16"
2017/4/1,H29.4.1,13,区部,渋谷区,区市町村,126,"168,634.68"
2017/4/1,H29.4.1,14,区部,中野区,区市町村,164,"420,042.41"
2017/4/1,H29.4.1,15,区部,杉並区,区市町村,274,"624,425.31"
2017/4/1,H29.4.1,16,区部,豊島区,区市町村,88,"181,953.36"
2017/4/1,H29.4.1,17,区部,北区,区市町村,84,"896,372.14"
2017/4/1,H29.4.1,18,区部,荒川区,区市町村,35,"145,982.42"
2017/4/1,H29.4.1,19,区部,板橋区,区市町村,345,"1,421,791.06"
2017/4/1,H29.4.1,20,区部,練馬区,区市町村,456,"944,318.88"
2017/4/1,H29.4.1,21,区部,足立区,区市町村,342,"2,217,101.76"
2017/4/1,H29.4.1,22,区部,葛飾区,区市町村,146,"878,483.87"
2017/4/1,H29.4.1,23,区部,江戸川区,区市町村,316,"2,064,564.23"
2017/4/1,H29.4.1,1,市部,八王子市,区市町村,796,"5,636,997.00"
2017/4/1,H29.4.1,2,市部,立川市,区市町村,96,"559,455.85"
2017/4/1,H29.4.1,3,市部,武蔵野市,区市町村,112,"195,607.00"
2017/4/1,H29.4.1,4,市部,三鷹市,区市町村,38,"125,680.27"
2017/4/1,H29.4.1,5,市部,青梅市,区市町村,101,"600,883.37"
2017/4/1,H29.4.1,6,市部,府中市,区市町村,273,"1,298,676.64"
2017/4/1,H29.4.1,7,市部,昭島市,区市町村,40,"475,590.52"
2017/4/1,H29.4.1,8,市部,調布市,区市町村,199,"288,748.27"
2017/4/1,H29.4.1,9,市部,町田市,区市町村,710,"3,197,732.78"
2017/4/1,H29.4.1,10,市部,小金井市,区市町村,11,"67,784.00"
2017/4/1,H29.4.1,11,市部,小平市,区市町村,307,"349,048.15"
2017/4/1,H29.4.1,12,市部,日野市,区市町村,198,"699,443.00"
2017/4/1,H29.4.1,13,市部,東村山市,区市町村,17,"118,902.81"
2017/4/1,H29.4.1,14,市部,国分寺市,区市町村,13,"83,442.68"
2017/4/1,H29.4.1,15,市部,国立市,区市町村,25,"152,374.75"
2017/4/1,H29.4.1,16,市部,福生市,区市町村,55,"401,218.55"
2017/4/1,H29.4.1,17,市部,狛江市,区市町村,27,"106,081.39"
2017/4/1,H29.4.1,18,市部,東大和市,区市町村,96,"306,945.95"
2017/4/1,H29.4.1,19,市部,清瀬市,区市町村,4,"50,685.48"
2017/4/1,H29.4.1,20,市部,東久留米市,区市町村,135,"192,328.30"
2017/4/1,H29.4.1,21,市部,武蔵村山市,区市町村,18,"220,235.66"
2017/4/1,H29.4.1,22,市部,多摩市,区市町村,208,"2,010,615.52"
2017/4/1,H29.4.1,23,市部,稲城市,区市町村,121,"983,888.86"
2017/4/1,H29.4.1,24,市部,羽村市,区市町村,72,"339,193.37"
2017/4/1,H29.4.1,25,市部,あきる野市,区市町村,32,"181,039.74"
2017/4/1,H29.4.1,26,市部,西東京市,区市町村,50,"167,054.93"
2017/4/1,H29.4.1,1,郡部,瑞穂町,区市町村,55,"171,425.35"
2017/4/1,H29.4.1,2,郡部,日の出町,区市町村,23,"55,644.70"
2017/4/1,H29.4.1,1,島部,大島町,区市町村,1,"1,155.00"
2017/4/1,H29.4.1,2,島部,新島村,区市町村,4,"12,400.00"
2017/4/1,H29.4.1,4,島部,八丈町,区市町村,4,"112,971.38"
2017/4/1,H29.4.1,9,島部,小笠原村,区市町村,3,"9,406.68"
2017/4/1,H29.4.1,8,区部,江東区,国営,1,"67,000.00"
2017/4/1,H29.4.1,2,市部,立川市,国営,1,"1,078,000.00"
2017/4/1,H29.4.1,7,市部,昭島市,国営,,"616,000.00"
2017/4/1,H29.4.1,2,区部,中央区,海上,1,"24,513.27"
2017/4/1,H29.4.1,3,区部,港区,海上,3,"541,118.77"
2017/4/1,H29.4.1,8,区部,江東区,海上,18,"1,987,486.18"
2017/4/1,H29.4.1,9,区部,品川区,海上,6,"508,514.53"
2017/4/1,H29.4.1,11,区部,大田区,海上,9,"725,155.22"
2017/4/1,H29.4.1,23,区部,江戸川区,海上,1,"4,117,473.01"
2018/4/1,H30.4.1,1,区部,千代田区,都立,1,"161,636.66"
2018/4/1,H30.4.1,2,区部,中央区,都立,1,"250,215.72"
2018/4/1,H30.4.1,3,区部,港区,都立,4,"235,658.05"
2018/4/1,H30.4.1,4,区部,新宿区,都立,1,"186,471.81"
2018/4/1,H30.4.1,5,区部,文京区,都立,2,"158,656.58"
2018/4/1,H30.4.1,6,区部,台東区,都立,2,"556,742.43"
2018/4/1,H30.4.1,7,区部,墨田区,都立,3,"133,593.01"
2018/4/1,H30.4.1,8,区部,江東区,都立,6,"1,139,436.50"
2018/4/1,H30.4.1,9,区部,品川区,都立,2,"217,553.78"
2018/4/1,H30.4.1,10,区部,目黒区,都立,0,"114,276.00"
2018/4/1,H30.4.1,12,区部,世田谷区,都立,4,"921,707.90"
2018/4/1,H30.4.1,13,区部,渋谷区,都立,2,"568,910.03"
2018/4/1,H30.4.1,15,区部,杉並区,都立,3,"526,373.26"
2018/4/1,H30.4.1,17,区部,北区,都立,1,"71,647.37"
2018/4/1,H30.4.1,18,区部,荒川区,都立,2,"191,211.11"
2018/4/1,H30.4.1,19,区部,板橋区,都立,2,"462,479.86"
2018/4/1,H30.4.1,20,区部,練馬区,都立,4,"1,059,015.96"
2018/4/1,H30.4.1,21,区部,足立区,都立,3,"911,199.18"
2018/4/1,H30.4.1,22,区部,葛飾区,都立,1,"928,253.05"
2018/4/1,H30.4.1,23,区部,江戸川区,都立,4,"1,315,106.21"
2018/4/1,H30.4.1,24,区部,その他　※1,都立,0,"34,759.95"
2018/4/1,H30.4.1,1,市部,八王子市,都立,5,"1,249,233.49"
2018/4/1,H30.4.1,2,市部,立川市,都立,0,"32,774.81"
2018/4/1,H30.4.1,3,市部,武蔵野市,都立,1,"409,053.45"
2018/4/1,H30.4.1,4,市部,三鷹市,都立,1,"472,969.89"
2018/4/1,H30.4.1,6,市部,府中市,都立,3,"489,027.07"
2018/4/1,H30.4.1,7,市部,昭島市,都立,0,"13,123.67"
2018/4/1,H30.4.1,8,市部,調布市,都立,3,"946,863.42"
2018/4/1,H30.4.1,9,市部,町田市,都立,3,"1,001,316.01"
2018/4/1,H30.4.1,10,市部,小金井市,都立,1,"727,528.78"
2018/4/1,H30.4.1,11,市部,小平市,都立,2,"161,062.31"
2018/4/1,H30.4.1,12,市部,日野市,都立,1,"601,372.54"
2018/4/1,H30.4.1,13,市部,東村山市,都立,3,"653,623.72"
2018/4/1,H30.4.1,14,市部,国分寺市,都立,2,"135,732.02"
2018/4/1,H30.4.1,16,市部,福生市,都立,0,498.14
2018/4/1,H30.4.1,18,市部,東大和市,都立,2,"384,978.34"
2018/4/1,H30.4.1,20,市部,東久留米市,都立,1,"50,112.04"
2018/4/1,H30.4.1,21,市部,武蔵村山市,都立,1,"1,018,828.32"
2018/4/1,H30.4.1,22,市部,多摩市,都立,1,"339,322.38"
2018/4/1,H30.4.1,25,市部,あきる野市,都立,1,"118,447.07"
2018/4/1,H30.4.1,26,市部,西東京市,都立,1,"91,174.63"
2018/4/1,H30.4.1,1,郡部,瑞穂町,都立,1,"1,047,011.99"
2018/4/1,H30.4.1,9,島部,小笠原村,都立,1,"153,125.94"
2018/4/1,H30.4.1,1,区部,千代田区,区市町村,22,"104,568.56"
2018/4/1,H30.4.1,2,区部,中央区,区市町村,57,"321,041.41"
2018/4/1,H30.4.1,3,区部,港区,区市町村,47,"266,338.55"
2018/4/1,H30.4.1,4,区部,新宿区,区市町村,176,"359,300.83"
2018/4/1,H30.4.1,5,区部,文京区,区市町村,45,"203,217.33"
2018/4/1,H30.4.1,6,区部,台東区,区市町村,50,"193,301.39"
2018/4/1,H30.4.1,7,区部,墨田区,区市町村,141,"639,939.56"
2018/4/1,H30.4.1,8,区部,江東区,区市町村,168,"1,154,196.57"
2018/4/1,H30.4.1,9,区部,品川区,区市町村,148,"518,085.57"
2018/4/1,H30.4.1,10,区部,目黒区,区市町村,80,"348,440.93"
2018/4/1,H30.4.1,11,区部,大田区,区市町村,503,"2,012,239.92"
2018/4/1,H30.4.1,12,区部,世田谷区,区市町村,420,"1,611,416.38"
2018/4/1,H30.4.1,13,区部,渋谷区,区市町村,126,"160,173.75"
2018/4/1,H30.4.1,14,区部,中野区,区市町村,164,"425,889.69"
2018/4/1,H30.4.1,15,区部,杉並区,区市町村,274,"624,766.17"
2018/4/1,H30.4.1,16,区部,豊島区,区市町村,88,"181,286.59"
2018/4/1,H30.4.1,17,区部,北区,区市町村,84,"898,545.92"
2018/4/1,H30.4.1,18,区部,荒川区,区市町村,35,"145,982.42"
2018/4/1,H30.4.1,19,区部,板橋区,区市町村,344,"1,421,807.55"
2018/4/1,H30.4.1,20,区部,練馬区,区市町村,458,"945,745.45"
2018/4/1,H30.4.1,21,区部,足立区,区市町村,344,"2,222,148.58"
2018/4/1,H30.4.1,22,区部,葛飾区,区市町村,148,"895,932.03"
2018/4/1,H30.4.1,23,区部,江戸川区,区市町村,321,"2,070,981.90"
2018/4/1,H30.4.1,1,市部,八王子市,区市町村,796,"5,637,193.00"
2018/4/1,H30.4.1,2,市部,立川市,区市町村,97,"579,919.34"
2018/4/1,H30.4.1,3,市部,武蔵野市,区市町村,112,"197,272.00"
2018/4/1,H30.4.1,4,市部,三鷹市,区市町村,38,"125,680.27"
2018/4/1,H30.4.1,5,市部,青梅市,区市町村,102,"603,642.93"
2018/4/1,H30.4.1,6,市部,府中市,区市町村,274,"1,300,050.77"
2018/4/1,H30.4.1,7,市部,昭島市,区市町村,40,"481,665.75"
2018/4/1,H30.4.1,8,市部,調布市,区市町村,199,"288,748.27"
2018/4/1,H30.4.1,9,市部,町田市,区市町村,713,"3,191,163.67"
2018/4/1,H30.4.1,10,市部,小金井市,区市町村,11,"67,784.00"
2018/4/1,H30.4.1,11,市部,小平市,区市町村,313,"356,165.15"
2018/4/1,H30.4.1,12,市部,日野市,区市町村,200,"700,201.00"
2018/4/1,H30.4.1,13,市部,東村山市,区市町村,17,"118,902.81"
2018/4/1,H30.4.1,14,市部,国分寺市,区市町村,13,"83,442.68"
2018/4/1,H30.4.1,15,市部,国立市,区市町村,25,"153,917.02"
2018/4/1,H30.4.1,16,市部,福生市,区市町村,55,"401,218.55"
2018/4/1,H30.4.1,17,市部,狛江市,区市町村,27,"106,081.39"
2018/4/1,H30.4.1,18,市部,東大和市,区市町村,96,"307,072.88"
2018/4/1,H30.4.1,19,市部,清瀬市,区市町村,4,"50,685.48"
2018/4/1,H30.4.1,20,市部,東久留米市,区市町村,140,"193,623.32"
2018/4/1,H30.4.1,21,市部,武蔵村山市,区市町村,18,"220,235.75"
2018/4/1,H30.4.1,22,市部,多摩市,区市町村,209,"2,013,512.69"
2018/4/1,H30.4.1,23,市部,稲城市,区市町村,121,"984,205.86"
2018/4/1,H30.4.1,24,市部,羽村市,区市町村,72,"339,193.37"
2018/4/1,H30.4.1,25,市部,あきる野市,区市町村,32,"181,039.74"
2018/4/1,H30.4.1,26,市部,西東京市,区市町村,50,"167,054.93"
2018/4/1,H30.4.1,1,郡部,瑞穂町,区市町村,55,"171,425.35"
2018/4/1,H30.4.1,2,郡部,日の出町,区市町村,23,"55,644.70"
2018/4/1,H30.4.1,1,島部,大島町,区市町村,1,"1,155.00"
2018/4/1,H30.4.1,2,島部,新島村,区市町村,4,"12,400.00"
2018/4/1,H30.4.1,4,島部,八丈町,区市町村,4,"112,971.38"
2018/4/1,H30.4.1,9,島部,小笠原村,区市町村,3,"9,406.68"
2018/4/1,H30.4.1,8,区部,江東区,国営,1,"67,000.00"
2018/4/1,H30.4.1,2,市部,立川市,国営,1,"1,078,000.00"
2018/4/1,H30.4.1,7,市部,昭島市,国営,,"616,000.00"
2018/4/1,H30.4.1,2,区部,中央区,海上,1,"24,513.27"
2018/4/1,H30.4.1,3,区部,港区,海上,3,"541,118.77"
2018/4/1,H30.4.1,8,区部,江東区,海上,18,"1,985,942.58"
2018/4/1,H30.4.1,9,区部,品川区,海上,6,"512,212.09"
2018/4/1,H30.4.1,11,区部,大田区,海上,9,"836,499.57"
2018/4/1,H30.4.1,23,区部,江戸川区,海上,1,"4,117,473.01"
2019/4/1,H31.4.1,1,区部,千代田区,都立,1,"161,636.66"
2019/4/1,H31.4.1,2,区部,中央区,都立,1,"250,215.72"
2019/4/1,H31.4.1,3,区部,港区,都立,4,"235,658.05"
2019/4/1,H31.4.1,4,区部,新宿区,都立,1,"186,471.81"
2019/4/1,H31.4.1,5,区部,文京区,都立,2,"158,656.58"
2019/4/1,H31.4.1,6,区部,台東区,都立,2,"556,742.43"
2019/4/1,H31.4.1,7,区部,墨田区,都立,3,"133,593.01"
2019/4/1,H31.4.1,8,区部,江東区,都立,6,"1,139,836.50"
2019/4/1,H31.4.1,9,区部,品川区,都立,2,"217,553.78"
2019/4/1,H31.4.1,10,区部,目黒区,都立,0,"114,276.00"
2019/4/1,H31.4.1,12,区部,世田谷区,都立,4,"921,707.90"
2019/4/1,H31.4.1,13,区部,渋谷区,都立,2,"568,910.03"
2019/4/1,H31.4.1,15,区部,杉並区,都立,3,"530,992.16"
2019/4/1,H31.4.1,17,区部,北区,都立,1,"71,647.37"
2019/4/1,H31.4.1,18,区部,荒川区,都立,2,"191,211.11"
2019/4/1,H31.4.1,19,区部,板橋区,都立,2,"462,479.86"
2019/4/1,H31.4.1,20,区部,練馬区,都立,4,"1,059,015.96"
2019/4/1,H31.4.1,21,区部,足立区,都立,3,"911,199.18"
2019/4/1,H31.4.1,22,区部,葛飾区,都立,1,"928,253.05"
2019/4/1,H31.4.1,23,区部,江戸川区,都立,4,"1,315,984.77"
2019/4/1,H31.4.1,24,区部,その他　※1,都立,0,"34,759.95"
2019/4/1,H31.4.1,1,市部,八王子市,都立,5,"1,257,579.49"
2019/4/1,H31.4.1,2,市部,立川市,都立,0,"32,774.81"
2019/4/1,H31.4.1,3,市部,武蔵野市,都立,1,"420,595.58"
2019/4/1,H31.4.1,4,市部,三鷹市,都立,1,"472,969.89"
2019/4/1,H31.4.1,6,市部,府中市,都立,3,"489,027.07"
2019/4/1,H31.4.1,7,市部,昭島市,都立,0,"13,123.67"
2019/4/1,H31.4.1,8,市部,調布市,都立,3,"946,863.42"
2019/4/1,H31.4.1,9,市部,町田市,都立,3,"1,029,911.75"
2019/4/1,H31.4.1,10,市部,小金井市,都立,1,"728,440.03"
2019/4/1,H31.4.1,11,市部,小平市,都立,2,"161,062.31"
2019/4/1,H31.4.1,12,市部,日野市,都立,1,"601,372.54"
2019/4/1,H31.4.1,13,市部,東村山市,都立,3,"653,623.72"
2019/4/1,H31.4.1,14,市部,国分寺市,都立,2,"135,732.02"
2019/4/1,H31.4.1,16,市部,福生市,都立,0,498.14
2019/4/1,H31.4.1,18,市部,東大和市,都立,2,"384,978.34"
2019/4/1,H31.4.1,20,市部,東久留米市,都立,1,"50,112.04"
2019/4/1,H31.4.1,21,市部,武蔵村山市,都立,1,"1,024,898.29"
2019/4/1,H31.4.1,22,市部,多摩市,都立,1,"339,322.38"
2019/4/1,H31.4.1,25,市部,あきる野市,都立,1,"118,447.07"
2019/4/1,H31.4.1,26,市部,西東京市,都立,1,"91,174.63"
2019/4/1,H31.4.1,1,郡部,瑞穂町,都立,1,"1,047,011.99"
2019/4/1,H31.4.1,9,島部,小笠原村,都立,1,"153,125.94"
2019/4/1,H31.4.1,1,区部,千代田区,区市町村,22,"104,568.57"
2019/4/1,H31.4.1,2,区部,中央区,区市町村,57,"323,374.53"
2019/4/1,H31.4.1,3,区部,港区,区市町村,47,"266,338.55"
2019/4/1,H31.4.1,4,区部,新宿区,区市町村,176,"359,457.37"
2019/4/1,H31.4.1,5,区部,文京区,区市町村,45,"203,327.33"
2019/4/1,H31.4.1,6,区部,台東区,区市町村,50,"193,301.39"
2019/4/1,H31.4.1,7,区部,墨田区,区市町村,141,"639,453.60"
2019/4/1,H31.4.1,8,区部,江東区,区市町村,168,"1,154,766.94"
2019/4/1,H31.4.1,9,区部,品川区,区市町村,149,"518,332.84"
2019/4/1,H31.4.1,10,区部,目黒区,区市町村,82,"350,107.07"
2019/4/1,H31.4.1,11,区部,大田区,区市町村,505,"2,033,614.00"
2019/4/1,H31.4.1,12,区部,世田谷区,区市町村,424,"1,614,870.62"
2019/4/1,H31.4.1,13,区部,渋谷区,区市町村,129,"160,946.53"
2019/4/1,H31.4.1,14,区部,中野区,区市町村,166,"435,034.14"
2019/4/1,H31.4.1,15,区部,杉並区,区市町村,278,"624,264.74"
2019/4/1,H31.4.1,16,区部,豊島区,区市町村,88,"181,286.59"
2019/4/1,H31.4.1,17,区部,北区,区市町村,84,"898,545.92"
2019/4/1,H31.4.1,18,区部,荒川区,区市町村,36,"207,050.45"
2019/4/1,H31.4.1,19,区部,板橋区,区市町村,344,"1,421,807.55"
2019/4/1,H31.4.1,20,区部,練馬区,区市町村,465,"978,099.53"
2019/4/1,H31.4.1,21,区部,足立区,区市町村,346,"2,234,192.90"
2019/4/1,H31.4.1,22,区部,葛飾区,区市町村,152,"908,627.81"
2019/4/1,H31.4.1,23,区部,江戸川区,区市町村,327,"2,132,526.05"
2019/4/1,H31.4.1,1,市部,八王子市,区市町村,796,"5,638,405.00"
2019/4/1,H31.4.1,2,市部,立川市,区市町村,97,"579,919.34"
2019/4/1,H31.4.1,3,市部,武蔵野市,区市町村,112,"197,272.00"
2019/4/1,H31.4.1,4,市部,三鷹市,区市町村,38,"126,176.32"
2019/4/1,H31.4.1,5,市部,青梅市,区市町村,102,"603,642.93"
2019/4/1,H31.4.1,6,市部,府中市,区市町村,274,"1,303,132.69"
2019/4/1,H31.4.1,7,市部,昭島市,区市町村,42,"482,167.42"
2019/4/1,H31.4.1,8,市部,調布市,区市町村,204,"290,963.66"
2019/4/1,H31.4.1,9,市部,町田市,区市町村,716,"3,193,074.48"
2019/4/1,H31.4.1,10,市部,小金井市,区市町村,11,"67,894.00"
2019/4/1,H31.4.1,11,市部,小平市,区市町村,315,"356,715.00"
2019/4/1,H31.4.1,12,市部,日野市,区市町村,202,"719,473.74"
2019/4/1,H31.4.1,13,市部,東村山市,区市町村,17,"118,902.81"
2019/4/1,H31.4.1,14,市部,国分寺市,区市町村,14,"86,279.11"
2019/4/1,H31.4.1,15,市部,国立市,区市町村,25,"153,917.02"
2019/4/1,H31.4.1,16,市部,福生市,区市町村,55,"401,749.15"
2019/4/1,H31.4.1,17,市部,狛江市,区市町村,27,"106,081.39"
2019/4/1,H31.4.1,18,市部,東大和市,区市町村,100,"309,392.92"
2019/4/1,H31.4.1,19,市部,清瀬市,区市町村,4,"50,685.48"
2019/4/1,H31.4.1,20,市部,東久留米市,区市町村,144,"197,205.65"
2019/4/1,H31.4.1,21,市部,武蔵村山市,区市町村,18,"220,235.75"
2019/4/1,H31.4.1,22,市部,多摩市,区市町村,208,"2,012,496.69"
2019/4/1,H31.4.1,23,市部,稲城市,区市町村,123,"985,894.86"
2019/4/1,H31.4.1,24,市部,羽村市,区市町村,71,"337,385.37"
2019/4/1,H31.4.1,25,市部,あきる野市,区市町村,32,"181,039.74"
2019/4/1,H31.4.1,26,市部,西東京市,区市町村,50,"167,054.93"
2019/4/1,H31.4.1,1,郡部,瑞穂町,区市町村,55,"171,425.35"
2019/4/1,H31.4.1,2,郡部,日の出町,区市町村,23,"55,644.70"
2019/4/1,H31.4.1,1,島部,大島町,区市町村,1,"1,155.00"
2019/4/1,H31.4.1,2,島部,新島村,区市町村,4,"12,400.00"
2019/4/1,H31.4.1,4,島部,八丈町,区市町村,4,"112,971.38"
2019/4/1,H31.4.1,9,島部,小笠原村,区市町村,3,"9,406.68"
2019/4/1,H31.4.1,8,区部,江東区,国営,1,"67,000.00"
2019/4/1,H31.4.1,2,市部,立川市,国営,1,"1,078,000.00"
2019/4/1,H31.4.1,7,市部,昭島市,国営,,"616,000.00"
2019/4/1,H31.4.1,2,区部,中央区,海上,1,"24,513.27"
2019/4/1,H31.4.1,3,区部,港区,海上,3,"541,118.77"
2019/4/1,H31.4.1,8,区部,江東区,海上,18,"1,985,942.58"
2019/4/1,H31.4.1,9,区部,品川区,海上,6,"512,212.09"
2019/4/1,H31.4.1,11,区部,大田区,海上,9,"836,499.57"
2019/4/1,H31.4.1,23,区部,江戸川区,海上,1,"4,117,473.01"
2020/4/1,R2.4.1,1,区部,千代田区,都立,1,"161,636.66"
2020/4/1,R2.4.1,2,区部,中央区,都立,1,"250,215.72"
2020/4/1,R2.4.1,3,区部,港区,都立,4,"235,658.05"
2020/4/1,R2.4.1,4,区部,新宿区,都立,1,"186,471.81"
2020/4/1,R2.4.1,5,区部,文京区,都立,2,"158,656.58"
2020/4/1,R2.4.1,6,区部,台東区,都立,2,"556,742.43"
2020/4/1,R2.4.1,7,区部,墨田区,都立,3,"133,593.01"
2020/4/1,R2.4.1,8,区部,江東区,都立,6,"1,139,836.50"
2020/4/1,R2.4.1,9,区部,品川区,都立,2,"218,348.36"
2020/4/1,R2.4.1,10,区部,目黒区,都立,0,"114,276.00"
2020/4/1,R2.4.1,12,区部,世田谷区,都立,4,"921,707.90"
2020/4/1,R2.4.1,13,区部,渋谷区,都立,2,"568,910.03"
2020/4/1,R2.4.1,15,区部,杉並区,都立,3,"536,031.81"
2020/4/1,R2.4.1,17,区部,北区,都立,1,"71,647.37"
2020/4/1,R2.4.1,18,区部,荒川区,都立,2,"191,211.11"
2020/4/1,R2.4.1,19,区部,板橋区,都立,2,"462,479.86"
2020/4/1,R2.4.1,20,区部,練馬区,都立,4,"1,059,015.96"
2020/4/1,R2.4.1,21,区部,足立区,都立,3,"911,199.18"
2020/4/1,R2.4.1,22,区部,葛飾区,都立,1,"928,870.86"
2020/4/1,R2.4.1,23,区部,江戸川区,都立,4,"1,315,984.77"
2020/4/1,R2.4.1,24,区部,その他　※1,都立,0,"34,759.95"
2020/4/1,R2.4.1,1,市部,八王子市,都立,5,"1,257,579.49"
2020/4/1,R2.4.1,2,市部,立川市,都立,0,"32,774.81"
2020/4/1,R2.4.1,3,市部,武蔵野市,都立,1,"420,595.58"
2020/4/1,R2.4.1,4,市部,三鷹市,都立,1,"472,969.89"
2020/4/1,R2.4.1,6,市部,府中市,都立,3,"489,027.07"
2020/4/1,R2.4.1,7,市部,昭島市,都立,0,"13,123.67"
2020/4/1,R2.4.1,8,市部,調布市,都立,3,"946,863.42"
2020/4/1,R2.4.1,9,市部,町田市,都立,3,"1,045,140.49"
2020/4/1,R2.4.1,10,市部,小金井市,都立,1,"728,440.03"
2020/4/1,R2.4.1,11,市部,小平市,都立,2,"161,062.31"
2020/4/1,R2.4.1,12,市部,日野市,都立,1,"601,372.54"
2020/4/1,R2.4.1,13,市部,東村山市,都立,3,"657,462.91"
2020/4/1,R2.4.1,14,市部,国分寺市,都立,2,"135,732.02"
2020/4/1,R2.4.1,16,市部,福生市,都立,0,498.14
2020/4/1,R2.4.1,18,市部,東大和市,都立,2,"386,745.34"
2020/4/1,R2.4.1,20,市部,東久留米市,都立,1,"50,112.04"
2020/4/1,R2.4.1,21,市部,武蔵村山市,都立,1,"1,027,206.98"
2020/4/1,R2.4.1,22,市部,多摩市,都立,1,"339,322.38"
2020/4/1,R2.4.1,25,市部,あきる野市,都立,1,"118,447.07"
2020/4/1,R2.4.1,26,市部,西東京市,都立,1,"102,729.27"
2020/4/1,R2.4.1,1,郡部,瑞穂町,都立,1,"1,047,011.99"
2020/4/1,R2.4.1,9,島部,小笠原村,都立,1,"153,125.94"
2020/4/1,R2.4.1,1,区部,千代田区,区市町村,22,"104,569.21"
2020/4/1,R2.4.1,2,区部,中央区,区市町村,57,"336,528.24"
2020/4/1,R2.4.1,3,区部,港区,区市町村,47,"267,720.85"
2020/4/1,R2.4.1,4,区部,新宿区,区市町村,177,"360,802.33"
2020/4/1,R2.4.1,5,区部,文京区,区市町村,45,"203,327.33"
2020/4/1,R2.4.1,6,区部,台東区,区市町村,50,"193,301.39"
2020/4/1,R2.4.1,7,区部,墨田区,区市町村,141,"639,642.32"
2020/4/1,R2.4.1,8,区部,江東区,区市町村,171,"1,157,793.09"
2020/4/1,R2.4.1,9,区部,品川区,区市町村,149,"518,332.84"
2020/4/1,R2.4.1,10,区部,目黒区,区市町村,83,"350,307.57"
2020/4/1,R2.4.1,11,区部,大田区,区市町村,507,"2,053,408.90"
2020/4/1,R2.4.1,12,区部,世田谷区,区市町村,426,"1,618,389.49"
2020/4/1,R2.4.1,13,区部,渋谷区,区市町村,129,"160,946.53"
2020/4/1,R2.4.1,14,区部,中野区,区市町村,167,"445,605.15"
2020/4/1,R2.4.1,15,区部,杉並区,区市町村,277,"624,264.74"
2020/4/1,R2.4.1,16,区部,豊島区,区市町村,89,"189,934.81"
2020/4/1,R2.4.1,17,区部,北区,区市町村,83,"895,152.28"
2020/4/1,R2.4.1,18,区部,荒川区,区市町村,36,"207,050.45"
2020/4/1,R2.4.1,19,区部,板橋区,区市町村,344,"1,421,730.55"
2020/4/1,R2.4.1,20,区部,練馬区,区市町村,466,"976,879.91"
2020/4/1,R2.4.1,21,区部,足立区,区市町村,347,"2,237,372.04"
2020/4/1,R2.4.1,22,区部,葛飾区,区市町村,153,"915,886.34"
2020/4/1,R2.4.1,23,区部,江戸川区,区市町村,331,"2,132,362.67"
2020/4/1,R2.4.1,1,市部,八王子市,区市町村,801,"5,640,853.00"
2020/4/1,R2.4.1,2,市部,立川市,区市町村,99,"585,054.86"
2020/4/1,R2.4.1,3,市部,武蔵野市,区市町村,113,"197,936.91"
2020/4/1,R2.4.1,4,市部,三鷹市,区市町村,38,"126,131.32"
2020/4/1,R2.4.1,5,市部,青梅市,区市町村,102,"603,642.93"
2020/4/1,R2.4.1,6,市部,府中市,区市町村,270,"1,310,118.58"
2020/4/1,R2.4.1,7,市部,昭島市,区市町村,42,"482,167.42"
2020/4/1,R2.4.1,8,市部,調布市,区市町村,205,"291,139.22"
2020/4/1,R2.4.1,9,市部,町田市,区市町村,717,"3,237,644.24"
2020/4/1,R2.4.1,10,市部,小金井市,区市町村,11,"67,894.00"
2020/4/1,R2.4.1,11,市部,小平市,区市町村,315,"356,715.00"
2020/4/1,R2.4.1,12,市部,日野市,区市町村,201,"721,993.74"
2020/4/1,R2.4.1,13,市部,東村山市,区市町村,18,"132,880.72"
2020/4/1,R2.4.1,14,市部,国分寺市,区市町村,14,"87,844.40"
2020/4/1,R2.4.1,15,市部,国立市,区市町村,25,"153,917.02"
2020/4/1,R2.4.1,16,市部,福生市,区市町村,55,"402,102.39"
2020/4/1,R2.4.1,17,市部,狛江市,区市町村,29,"106,614.46"
2020/4/1,R2.4.1,18,市部,東大和市,区市町村,100,"309,392.92"
2020/4/1,R2.4.1,19,市部,清瀬市,区市町村,4,"50,685.48"
2020/4/1,R2.4.1,20,市部,東久留米市,区市町村,145,"208,499.82"
2020/4/1,R2.4.1,21,市部,武蔵村山市,区市町村,18,"220,235.75"
2020/4/1,R2.4.1,22,市部,多摩市,区市町村,208,"2,012,496.69"
2020/4/1,R2.4.1,23,市部,稲城市,区市町村,130,"1,008,551.73"
2020/4/1,R2.4.1,24,市部,羽村市,区市町村,71,"337,385.37"
2020/4/1,R2.4.1,25,市部,あきる野市,区市町村,32,"181,039.74"
2020/4/1,R2.4.1,26,市部,西東京市,区市町村,52,"173,001.35"
2020/4/1,R2.4.1,1,郡部,瑞穂町,区市町村,55,"171,425.35"
2020/4/1,R2.4.1,2,郡部,日の出町,区市町村,23,"55,644.70"
2020/4/1,R2.4.1,1,島部,大島町,区市町村,2,"68,546.94"
2020/4/1,R2.4.1,2,島部,新島村,区市町村,4,"12,400.00"
2020/4/1,R2.4.1,4,島部,八丈町,区市町村,4,"112,971.38"
2020/4/1,R2.4.1,9,島部,小笠原村,区市町村,3,"9,406.68"
2020/4/1,R2.4.1,8,区部,江東区,国営,1,"67,000.00"
2020/4/1,R2.4.1,2,市部,立川市,国営,1,"1,078,000.00"
2020/4/1,R2.4.1,7,市部,昭島市,国営,,"616,000.00"
2020/4/1,R2.4.1,2,区部,中央区,海上,1,"24,513.27"
2020/4/1,R2.4.1,3,区部,港区,海上,3,"541,118.77"
2020/4/1,R2.4.1,8,区部,江東区,海上,19,"2,691,754.18"
2020/4/1,R2.4.1,9,区部,品川区,海上,6,"512,212.09"
2020/4/1,R2.4.1,11,区部,大田区,海上,9,"839,399.77"
2020/4/1,R2.4.1,23,区部,江戸川区,海上,1,"4,117,473.01"
2021/4/1,R3.4.1,1,区部,千代田区,都立,1,"161,636.66"
2021/4/1,R3.4.1,2,区部,中央区,都立,1,"250,215.72"
2021/4/1,R3.4.1,3,区部,港区,都立,4,"235,658.05"
2021/4/1,R3.4.1,4,区部,新宿区,都立,1,"186,471.81"
2021/4/1,R3.4.1,5,区部,文京区,都立,2,"158,656.58"
2021/4/1,R3.4.1,6,区部,台東区,都立,2,"556,742.43"
2021/4/1,R3.4.1,7,区部,墨田区,都立,3,"133,593.01"
2021/4/1,R3.4.1,8,区部,江東区,都立,6,"1,139,836.50"
2021/4/1,R3.4.1,9,区部,品川区,都立,2,"218,348.36"
2021/4/1,R3.4.1,10,区部,目黒区,都立,0,"114,276.00"
2021/4/1,R3.4.1,12,区部,世田谷区,都立,4,"921,707.90"
2021/4/1,R3.4.1,13,区部,渋谷区,都立,2,"568,910.03"
2021/4/1,R3.4.1,15,区部,杉並区,都立,4,"562,429.48"
2021/4/1,R3.4.1,17,区部,北区,都立,1,"71,647.37"
2021/4/1,R3.4.1,18,区部,荒川区,都立,2,"191,211.11"
2021/4/1,R3.4.1,19,区部,板橋区,都立,2,"462,479.86"
2021/4/1,R3.4.1,20,区部,練馬区,都立,4,"1,059,015.96"
2021/4/1,R3.4.1,21,区部,足立区,都立,3,"911,199.18"
2021/4/1,R3.4.1,22,区部,葛飾区,都立,1,"928,870.86"
2021/4/1,R3.4.1,23,区部,江戸川区,都立,4,"1,317,384.82"
2021/4/1,R3.4.1,24,区部,その他　※1,都立,0,"34,759.95"
2021/4/1,R3.4.1,1,市部,八王子市,都立,5,"1,262,133.43"
2021/4/1,R3.4.1,2,市部,立川市,都立,0,"32,774.81"
2021/4/1,R3.4.1,3,市部,武蔵野市,都立,1,"420,595.58"
2021/4/1,R3.4.1,4,市部,三鷹市,都立,1,"472,969.89"
2021/4/1,R3.4.1,6,市部,府中市,都立,3,"489,119.07"
2021/4/1,R3.4.1,7,市部,昭島市,都立,0,"13,123.67"
2021/4/1,R3.4.1,8,市部,調布市,都立,3,"946,863.42"
2021/4/1,R3.4.1,9,市部,町田市,都立,3,"1,045,140.49"
2021/4/1,R3.4.1,10,市部,小金井市,都立,1,"728,440.03"
2021/4/1,R3.4.1,11,市部,小平市,都立,2,"161,062.31"
2021/4/1,R3.4.1,12,市部,日野市,都立,1,"601,372.54"
2021/4/1,R3.4.1,13,市部,東村山市,都立,3,"657,462.91"
2021/4/1,R3.4.1,14,市部,国分寺市,都立,2,"135,732.02"
2021/4/1,R3.4.1,16,市部,福生市,都立,0,498.14
2021/4/1,R3.4.1,18,市部,東大和市,都立,2,"386,745.34"
2021/4/1,R3.4.1,20,市部,東久留米市,都立,1,"50,112.04"
2021/4/1,R3.4.1,21,市部,武蔵村山市,都立,1,"1,032,863.72"
2021/4/1,R3.4.1,22,市部,多摩市,都立,1,"339,322.38"
2021/4/1,R3.4.1,25,市部,あきる野市,都立,1,"118,447.07"
2021/4/1,R3.4.1,26,市部,西東京市,都立,1,"102,729.27"
2021/4/1,R3.4.1,1,郡部,瑞穂町,都立,1,"1,047,899.18"
2021/4/1,R3.4.1,9,島部,小笠原村,都立,1,"153,125.94"
2021/4/1,R3.4.1,1,区部,千代田区,区市町村,22,"104,569.21"
2021/4/1,R3.4.1,2,区部,中央区,区市町村,58,"337,968.46"
2021/4/1,R3.4.1,3,区部,港区,区市町村,47,"267,289.00"
2021/4/1,R3.4.1,4,区部,新宿区,区市町村,177,"360,802.28"
2021/4/1,R3.4.1,5,区部,文京区,区市町村,45,"203,327.33"
2021/4/1,R3.4.1,6,区部,台東区,区市町村,50,"193,301.37"
2021/4/1,R3.4.1,7,区部,墨田区,区市町村,141,"639,914.31"
2021/4/1,R3.4.1,8,区部,江東区,区市町村,171,"1,157,793.09"
2021/4/1,R3.4.1,9,区部,品川区,区市町村,149,"516,886.55"
2021/4/1,R3.4.1,10,区部,目黒区,区市町村,83,"350,307.57"
2021/4/1,R3.4.1,11,区部,大田区,区市町村,509,"2,057,755.66"
2021/4/1,R3.4.1,12,区部,世田谷区,区市町村,430,"1,619,226.81"
2021/4/1,R3.4.1,13,区部,渋谷区,区市町村,129,"173,693.27"
2021/4/1,R3.4.1,14,区部,中野区,区市町村,168,"461,369.49"
2021/4/1,R3.4.1,15,区部,杉並区,区市町村,281,"632,738.97"
2021/4/1,R3.4.1,16,区部,豊島区,区市町村,91,"208,660.95"
2021/4/1,R3.4.1,17,区部,北区,区市町村,83,"895,152.28"
2021/4/1,R3.4.1,18,区部,荒川区,区市町村,36,"224,114.40"
2021/4/1,R3.4.1,19,区部,板橋区,区市町村,344,"1,423,761.04"
2021/4/1,R3.4.1,20,区部,練馬区,区市町村,468,"979,003.14"
2021/4/1,R3.4.1,21,区部,足立区,区市町村,350,"2,241,601.86"
2021/4/1,R3.4.1,22,区部,葛飾区,区市町村,153,"917,714.12"
2021/4/1,R3.4.1,23,区部,江戸川区,区市町村,335,"2,137,087.32"
2021/4/1,R3.4.1,1,市部,八王子市,区市町村,804,"5,646,939.00"
2021/4/1,R3.4.1,2,市部,立川市,区市町村,99,"585,054.86"
2021/4/1,R3.4.1,3,市部,武蔵野市,区市町村,113,"198,497.18"
2021/4/1,R3.4.1,4,市部,三鷹市,区市町村,38,"126,131.32"
2021/4/1,R3.4.1,5,市部,青梅市,区市町村,102,"615,353.06"
2021/4/1,R3.4.1,6,市部,府中市,区市町村,272,"1,314,939.99"
2021/4/1,R3.4.1,7,市部,昭島市,区市町村,42,"483,297.97"
2021/4/1,R3.4.1,8,市部,調布市,区市町村,206,"292,929.10"
2021/4/1,R3.4.1,9,市部,町田市,区市町村,719,"3,328,250.43"
2021/4/1,R3.4.1,10,市部,小金井市,区市町村,11,"67,894.00"
2021/4/1,R3.4.1,11,市部,小平市,区市町村,319,"358,798.00"
2021/4/1,R3.4.1,12,市部,日野市,区市町村,204,"722,483.45"
2021/4/1,R3.4.1,13,市部,東村山市,区市町村,19,"139,432.25"
2021/4/1,R3.4.1,14,市部,国分寺市,区市町村,14,"87,844.40"
2021/4/1,R3.4.1,15,市部,国立市,区市町村,25,"154,668.02"
2021/4/1,R3.4.1,16,市部,福生市,区市町村,55,"402,102.39"
2021/4/1,R3.4.1,17,市部,狛江市,区市町村,29,"106,902.88"
2021/4/1,R3.4.1,18,市部,東大和市,区市町村,100,"309,392.92"
2021/4/1,R3.4.1,19,市部,清瀬市,区市町村,4,"50,685.48"
2021/4/1,R3.4.1,20,市部,東久留米市,区市町村,148,"209,211.75"
2021/4/1,R3.4.1,21,市部,武蔵村山市,区市町村,18,"220,235.75"
2021/4/1,R3.4.1,22,市部,多摩市,区市町村,208,"2,013,522.73"
2021/4/1,R3.4.1,23,市部,稲城市,区市町村,130,"1,016,709.26"
2021/4/1,R3.4.1,24,市部,羽村市,区市町村,71,"338,873.37"
2021/4/1,R3.4.1,25,市部,あきる野市,区市町村,32,"181,039.74"
2021/4/1,R3.4.1,26,市部,西東京市,区市町村,52,"173,001.35"
2021/4/1,R3.4.1,1,郡部,瑞穂町,区市町村,55,"171,425.35"
2021/4/1,R3.4.1,2,郡部,日の出町,区市町村,23,"55,644.70"
2021/4/1,R3.4.1,1,島部,大島町,区市町村,2,"68,546.94"
2021/4/1,R3.4.1,2,島部,新島村,区市町村,4,"12,400.00"
2021/4/1,R3.4.1,4,島部,八丈町,区市町村,4,"112,971.38"
2021/4/1,R3.4.1,9,島部,小笠原村,区市町村,3,"9,406.68"
2021/4/1,R3.4.1,8,区部,江東区,国営,1,"67,000.00"
2021/4/1,R3.4.1,2,市部,立川市,国営,1,"1,078,000.00"
2021/4/1,R3.4.1,7,市部,昭島市,国営,,"616,000.00"
2021/4/1,R3.4.1,2,区部,中央区,海上,1,"24,513.27"
2021/4/1,R3.4.1,3,区部,港区,海上,3,"541,118.77"
2021/4/1,R3.4.1,8,区部,江東区,海上,18,"2,682,461.08"
2021/4/1,R3.4.1,9,区部,品川区,海上,6,"512,212.09"
2021/4/1,R3.4.1,11,区部,大田区,海上,9,"839,399.77"
2021/4/1,R3.4.1,23,区部,江戸川区,海上,1,"4,117,473.01"
2022/4/1,R4.4.1,1,区部,千代田区,都立,1,"161,636.66"
2022/4/1,R4.4.1,2,区部,中央区,都立,1,"250,215.72"
2022/4/1,R4.4.1,3,区部,港区,都立,4,"235,658.05"
2022/4/1,R4.4.1,4,区部,新宿区,都立,1,"186,471.81"
2022/4/1,R4.4.1,5,区部,文京区,都立,2,"158,656.58"
2022/4/1,R4.4.1,6,区部,台東区,都立,2,"556,742.43"
2022/4/1,R4.4.1,7,区部,墨田区,都立,3,"133,593.01"
2022/4/1,R4.4.1,8,区部,江東区,都立,6,"1,139,836.50"
2022/4/1,R4.4.1,9,区部,品川区,都立,2,"218,348.36"
2022/4/1,R4.4.1,10,区部,目黒区,都立,0,"114,276.00"
2022/4/1,R4.4.1,12,区部,世田谷区,都立,4,"921,707.90"
2022/4/1,R4.4.1,13,区部,渋谷区,都立,2,"606,053.73"
2022/4/1,R4.4.1,15,区部,杉並区,都立,4,"599,189.67"
2022/4/1,R4.4.1,17,区部,北区,都立,1,"71,647.37"
2022/4/1,R4.4.1,18,区部,荒川区,都立,2,"191,211.11"
2022/4/1,R4.4.1,19,区部,板橋区,都立,2,"462,479.86"
2022/4/1,R4.4.1,20,区部,練馬区,都立,4,"1,059,015.96"
2022/4/1,R4.4.1,21,区部,足立区,都立,3,"924,665.06"
2022/4/1,R4.4.1,22,区部,葛飾区,都立,1,"928,870.86"
2022/4/1,R4.4.1,23,区部,江戸川区,都立,4,"1,327,506.04"
2022/4/1,R4.4.1,24,区部,その他　※1,都立,0,"34,759.95"
2022/4/1,R4.4.1,1,市部,八王子市,都立,5,"1,262,133.43"
2022/4/1,R4.4.1,2,市部,立川市,都立,0,"32,774.81"
2022/4/1,R4.4.1,3,市部,武蔵野市,都立,1,"420,595.58"
2022/4/1,R4.4.1,4,市部,三鷹市,都立,1,"472,969.89"
2022/4/1,R4.4.1,6,市部,府中市,都立,3,"489,119.07"
2022/4/1,R4.4.1,7,市部,昭島市,都立,0,"13,123.67"
2022/4/1,R4.4.1,8,市部,調布市,都立,3,"946,863.42"
2022/4/1,R4.4.1,9,市部,町田市,都立,3,"1,045,140.49"
2022/4/1,R4.4.1,10,市部,小金井市,都立,1,"728,440.03"
2022/4/1,R4.4.1,11,市部,小平市,都立,2,"161,062.31"
2022/4/1,R4.4.1,12,市部,日野市,都立,1,"601,372.54"
2022/4/1,R4.4.1,13,市部,東村山市,都立,3,"657,462.91"
2022/4/1,R4.4.1,14,市部,国分寺市,都立,2,"135,732.02"
2022/4/1,R4.4.1,16,市部,福生市,都立,0,498.14
2022/4/1,R4.4.1,18,市部,東大和市,都立,2,"388,145.44"
2022/4/1,R4.4.1,20,市部,東久留米市,都立,1,"50,112.04"
2022/4/1,R4.4.1,21,市部,武蔵村山市,都立,1,"1,038,483.81"
2022/4/1,R4.4.1,22,市部,多摩市,都立,1,"339,322.38"
2022/4/1,R4.4.1,25,市部,あきる野市,都立,1,"118,447.07"
2022/4/1,R4.4.1,26,市部,西東京市,都立,1,"104,127.55"
2022/4/1,R4.4.1,1,郡部,瑞穂町,都立,1,"1,051,651.96"
2022/4/1,R4.4.1,9,島部,小笠原村,都立,1,"153,125.94"
2022/4/1,R4.4.1,1,区部,千代田区,区市町村,22,"104,090.88"
2022/4/1,R4.4.1,2,区部,中央区,区市町村,58,"337,968.46"
2022/4/1,R4.4.1,3,区部,港区,区市町村,47,"267,289.00"
2022/4/1,R4.4.1,4,区部,新宿区,区市町村,177,"360,811.90"
2022/4/1,R4.4.1,5,区部,文京区,区市町村,45,"203,327.33"
2022/4/1,R4.4.1,6,区部,台東区,区市町村,50,"193,301.37"
2022/4/1,R4.4.1,7,区部,墨田区,区市町村,141,"639,885.45"
2022/4/1,R4.4.1,8,区部,江東区,区市町村,171,"1,157,752.52"
2022/4/1,R4.4.1,9,区部,品川区,区市町村,150,"519,890.28"
2022/4/1,R4.4.1,10,区部,目黒区,区市町村,83,"350,307.57"
2022/4/1,R4.4.1,11,区部,大田区,区市町村,509,"2,061,396.82"
2022/4/1,R4.4.1,12,区部,世田谷区,区市町村,435,"1,627,742.81"
2022/4/1,R4.4.1,13,区部,渋谷区,区市町村,131,"173,967.27"
2022/4/1,R4.4.1,14,区部,中野区,区市町村,168,"461,299.05"
2022/4/1,R4.4.1,15,区部,杉並区,区市町村,284,"637,820.93"
2022/4/1,R4.4.1,16,区部,豊島区,区市町村,91,"208,660.95"
2022/4/1,R4.4.1,17,区部,北区,区市町村,84,"900,275.37"
2022/4/1,R4.4.1,18,区部,荒川区,区市町村,106,"262,150.34"
2022/4/1,R4.4.1,19,区部,板橋区,区市町村,343,"1,422,727.36"
2022/4/1,R4.4.1,20,区部,練馬区,区市町村,471,"988,652.06"
2022/4/1,R4.4.1,21,区部,足立区,区市町村,348,"2,240,935.23"
2022/4/1,R4.4.1,22,区部,葛飾区,区市町村,154,"917,695.38"
2022/4/1,R4.4.1,23,区部,江戸川区,区市町村,490,"2,337,919.03"
2022/4/1,R4.4.1,1,市部,八王子市,区市町村,807,"5,657,124.00"
2022/4/1,R4.4.1,2,市部,立川市,区市町村,99,"585,054.86"
2022/4/1,R4.4.1,3,市部,武蔵野市,区市町村,113,"198,935.43"
2022/4/1,R4.4.1,4,市部,三鷹市,区市町村,38,"126,131.32"
2022/4/1,R4.4.1,5,市部,青梅市,区市町村,102,"615,353.06"
2022/4/1,R4.4.1,6,市部,府中市,区市町村,272,"1,315,203.85"
2022/4/1,R4.4.1,7,市部,昭島市,区市町村,42,"483,297.97"
2022/4/1,R4.4.1,8,市部,調布市,区市町村,206,"293,616.21"
2022/4/1,R4.4.1,9,市部,町田市,区市町村,721,"3,335,288.40"
2022/4/1,R4.4.1,10,市部,小金井市,区市町村,11,"70,174.00"
2022/4/1,R4.4.1,11,市部,小平市,区市町村,319,"359,086.00"
2022/4/1,R4.4.1,12,市部,日野市,区市町村,205,"736,730.45"
2022/4/1,R4.4.1,13,市部,東村山市,区市町村,19,"140,097.25"
2022/4/1,R4.4.1,14,市部,国分寺市,区市町村,15,"89,483.47"
2022/4/1,R4.4.1,15,市部,国立市,区市町村,25,"154,668.02"
2022/4/1,R4.4.1,16,市部,福生市,区市町村,55,"402,102.39"
2022/4/1,R4.4.1,17,市部,狛江市,区市町村,84,"124,362.76"
2022/4/1,R4.4.1,18,市部,東大和市,区市町村,100,"309,392.92"
2022/4/1,R4.4.1,19,市部,清瀬市,区市町村,4,"50,685.48"
2022/4/1,R4.4.1,20,市部,東久留米市,区市町村,148,"209,211.68"
2022/4/1,R4.4.1,21,市部,武蔵村山市,区市町村,18,"220,235.75"
2022/4/1,R4.4.1,22,市部,多摩市,区市町村,208,"2,013,522.73"
2022/4/1,R4.4.1,23,市部,稲城市,区市町村,136,"1,025,811.23"
2022/4/1,R4.4.1,24,市部,羽村市,区市町村,71,"338,873.37"
2022/4/1,R4.4.1,25,市部,あきる野市,区市町村,32,"181,039.74"
2022/4/1,R4.4.1,26,市部,西東京市,区市町村,52,"173,001.35"
2022/4/1,R4.4.1,1,郡部,瑞穂町,区市町村,56,"171,727.99"
2022/4/1,R4.4.1,2,郡部,日の出町,区市町村,23,"55,644.70"
2022/4/1,R4.4.1,1,島部,大島町,区市町村,2,"68,546.94"
2022/4/1,R4.4.1,2,島部,新島村,区市町村,4,"12,400.00"
2022/4/1,R4.4.1,4,島部,八丈町,区市町村,4,"112,971.38"
2022/4/1,R4.4.1,9,島部,小笠原村,区市町村,3,"9,406.68"
2022/4/1,R4.4.1,8,区部,江東区,国営,1,"67,000.00"
2022/4/1,R4.4.1,2,市部,立川市,国営,1,"1,078,000.00"
2022/4/1,R4.4.1,7,市部,昭島市,国営,,"616,000.00"
2022/4/1,R4.4.1,2,区部,中央区,海上,1,"24,513.27"
2022/4/1,R4.4.1,3,区部,港区,海上,3,"541,118.77"
2022/4/1,R4.4.1,8,区部,江東区,海上,18,"2,682,461.42"
2022/4/1,R4.4.1,9,区部,品川区,海上,6,"514,395.88"
2022/4/1,R4.4.1,11,区部,大田区,海上,9,"839,399.77"
2022/4/1,R4.4.1,23,区部,江戸川区,海上,1,"4,117,473.01"
2023/4/1,R5/4/1,1,区部,千代田区,都立,1,"161,636.66"
2023/4/1,R5/4/1,2,区部,中央区,都立,1,"250,215.72"
2023/4/1,R5/4/1,3,区部,港区,都立,4,"240,390.31"
2023/4/1,R5/4/1,4,区部,新宿区,都立,1,"210,689.68"
2023/4/1,R5/4/1,5,区部,文京区,都立,2,"158,656.58"
2023/4/1,R5/4/1,6,区部,台東区,都立,2,"556,996.93"
2023/4/1,R5/4/1,7,区部,墨田区,都立,3,"133,593.01"
2023/4/1,R5/4/1,8,区部,江東区,都立,6,"1,139,836.50"
2023/4/1,R5/4/1,9,区部,品川区,都立,2,"218,348.36"
2023/4/1,R5/4/1,10,区部,目黒区,都立,0,"114,276.00"
2023/4/1,R5/4/1,12,区部,世田谷区,都立,4,"923,238.64"
2023/4/1,R5/4/1,13,区部,渋谷区,都立,2,"581,835.86"
2023/4/1,R5/4/1,15,区部,杉並区,都立,4,"621,534.76"
2023/4/1,R5/4/1,17,区部,北区,都立,1,"71,647.37"
2023/4/1,R5/4/1,18,区部,荒川区,都立,2,"191,211.11"
2023/4/1,R5/4/1,19,区部,板橋区,都立,2,"468,317.13"
2023/4/1,R5/4/1,20,区部,練馬区,都立,4,"1,059,598.92"
2023/4/1,R5/4/1,21,区部,足立区,都立,3,"929,313.60"
2023/4/1,R5/4/1,22,区部,葛飾区,都立,1,"932,054.28"
2023/4/1,R5/4/1,23,区部,江戸川区,都立,4,"1,327,506.04"
2023/4/1,R5/4/1,24,区部,その他　※1,都立,0,"34,759.95"
2023/4/1,R5/4/1,1,市部,八王子市,都立,5,"1,267,756.72"
2023/4/1,R5/4/1,2,市部,立川市,都立,0,"32,774.81"
2023/4/1,R5/4/1,3,市部,武蔵野市,都立,1,"420,595.58"
2023/4/1,R5/4/1,4,市部,三鷹市,都立,1,"472,969.89"
2023/4/1,R5/4/1,6,市部,府中市,都立,3,"489,119.07"
2023/4/1,R5/4/1,7,市部,昭島市,都立,0,"13,123.67"
2023/4/1,R5/4/1,8,市部,調布市,都立,3,"959,100.54"
2023/4/1,R5/4/1,9,市部,町田市,都立,3,"1,045,140.49"
2023/4/1,R5/4/1,10,市部,小金井市,都立,1,"730,364.29"
2023/4/1,R5/4/1,11,市部,小平市,都立,2,"161,062.31"
2023/4/1,R5/4/1,12,市部,日野市,都立,1,"601,372.54"
2023/4/1,R5/4/1,13,市部,東村山市,都立,3,"657,679.43"
2023/4/1,R5/4/1,14,市部,国分寺市,都立,2,"135,732.02"
2023/4/1,R5/4/1,16,市部,福生市,都立,0,498.14
2023/4/1,R5/4/1,18,市部,東大和市,都立,2,"388,145.44"
2023/4/1,R5/4/1,20,市部,東久留米市,都立,1,"53,733.89"
2023/4/1,R5/4/1,21,市部,武蔵村山市,都立,1,"1,043,237.28"
2023/4/1,R5/4/1,22,市部,多摩市,都立,1,"339,946.30"
2023/4/1,R5/4/1,25,市部,あきる野市,都立,1,"118,447.07"
2023/4/1,R5/4/1,26,市部,西東京市,都立,1,"105,593.43"
2023/4/1,R5/4/1,1,郡部,瑞穂町,都立,1,"1,051,651.96"
2023/4/1,R5/4/1,9,島部,小笠原村,都立,1,"153,125.94"
2023/4/1,R5/4/1,1,区部,千代田区,区市町村,22,"104,090.88"
2023/4/1,R5/4/1,2,区部,中央区,区市町村,57,"340,100.80"
2023/4/1,R5/4/1,3,区部,港区,区市町村,47,"267,246.70"
2023/4/1,R5/4/1,4,区部,新宿区,区市町村,177,"361,128.15"
2023/4/1,R5/4/1,5,区部,文京区,区市町村,45,"203,327.33"
2023/4/1,R5/4/1,6,区部,台東区,区市町村,50,"193,301.37"
2023/4/1,R5/4/1,7,区部,墨田区,区市町村,141,"642,697.20"
2023/4/1,R5/4/1,8,区部,江東区,区市町村,171,"1,157,270.30"
2023/4/1,R5/4/1,9,区部,品川区,区市町村,151,"520,632.28"
2023/4/1,R5/4/1,10,区部,目黒区,区市町村,83,"350,307.57"
2023/4/1,R5/4/1,11,区部,大田区,区市町村,508,"2,061,878.62"
2023/4/1,R5/4/1,12,区部,世田谷区,区市町村,437,"1,637,140.10"
2023/4/1,R5/4/1,13,区部,渋谷区,区市町村,130,"172,639.09"
2023/4/1,R5/4/1,14,区部,中野区,区市町村,168,"461,299.05"
2023/4/1,R5/4/1,15,区部,杉並区,区市町村,286,"642,800.86"
2023/4/1,R5/4/1,16,区部,豊島区,区市町村,91,"208,660.95"
2023/4/1,R5/4/1,17,区部,北区,区市町村,86,"918,352.17"
2023/4/1,R5/4/1,18,区部,荒川区,区市町村,106,"262,211.47"
2023/4/1,R5/4/1,19,区部,板橋区,区市町村,342,"1,422,084.21"
2023/4/1,R5/4/1,20,区部,練馬区,区市町村,474,"990,257.59"
2023/4/1,R5/4/1,21,区部,足立区,区市町村,350,"2,245,166.46"
2023/4/1,R5/4/1,22,区部,葛飾区,区市町村,154,"921,090.52"
2023/4/1,R5/4/1,23,区部,江戸川区,区市町村,493,"2,338,901.10"
2023/4/1,R5/4/1,1,市部,八王子市,区市町村,809,"5,657,982.00"
2023/4/1,R5/4/1,2,市部,立川市,区市町村,100,"585,780.30"
2023/4/1,R5/4/1,3,市部,武蔵野市,区市町村,114,"199,732.92"
2023/4/1,R5/4/1,4,市部,三鷹市,区市町村,39,"127,093.76"
2023/4/1,R5/4/1,5,市部,青梅市,区市町村,104,"615,911.57"
2023/4/1,R5/4/1,6,市部,府中市,区市町村,272,"1,315,154.02"
2023/4/1,R5/4/1,7,市部,昭島市,区市町村,42,"483,297.97"
2023/4/1,R5/4/1,8,市部,調布市,区市町村,206,"293,562.66"
2023/4/1,R5/4/1,9,市部,町田市,区市町村,728,"3,382,156.11"
2023/4/1,R5/4/1,10,市部,小金井市,区市町村,11,"70,174.00"
2023/4/1,R5/4/1,11,市部,小平市,区市町村,321,"361,735.00"
2023/4/1,R5/4/1,12,市部,日野市,区市町村,207,"738,445.86"
2023/4/1,R5/4/1,13,市部,東村山市,区市町村,19,"140,256.48"
2023/4/1,R5/4/1,14,市部,国分寺市,区市町村,16,"90,021.28"
2023/4/1,R5/4/1,15,市部,国立市,区市町村,25,"154,668.02"
2023/4/1,R5/4/1,16,市部,福生市,区市町村,55,"402,101.99"
2023/4/1,R5/4/1,17,市部,狛江市,区市町村,84,"124,362.93"
2023/4/1,R5/4/1,18,市部,東大和市,区市町村,100,"309,392.92"
2023/4/1,R5/4/1,19,市部,清瀬市,区市町村,4,"50,685.48"
2023/4/1,R5/4/1,20,市部,東久留米市,区市町村,148,"209,211.68"
2023/4/1,R5/4/1,21,市部,武蔵村山市,区市町村,18,"220,235.75"
2023/4/1,R5/4/1,22,市部,多摩市,区市町村,208,"2,013,522.73"
2023/4/1,R5/4/1,23,市部,稲城市,区市町村,138,"1,029,098.24"
2023/4/1,R5/4/1,24,市部,羽村市,区市町村,72,"351,915.37"
2023/4/1,R5/4/1,25,市部,あきる野市,区市町村,32,"181,039.74"
2023/4/1,R5/4/1,26,市部,西東京市,区市町村,52,"173,001.35"
2023/4/1,R5/4/1,1,郡部,瑞穂町,区市町村,57,"172,846.53"
2023/4/1,R5/4/1,2,郡部,日の出町,区市町村,23,"55,644.70"
2023/4/1,R5/4/1,1,島部,大島町,区市町村,2,"68,546.94"
2023/4/1,R5/4/1,2,島部,新島村,区市町村,4,"12,400.00"
2023/4/1,R5/4/1,4,島部,八丈町,区市町村,4,"112,971.38"
2023/4/1,R5/4/1,9,島部,小笠原村,区市町村,3,"9,406.68"
2023/4/1,R5/4/1,8,区部,江東区,国営,1,"67,000.00"
2023/4/1,R5/4/1,2,市部,立川市,国営,1,"1,078,000.00"
2023/4/1,R5/4/1,7,市部,昭島市,国営,,"616,000.00"
2023/4/1,R5/4/1,2,区部,中央区,海上,2,"35,501.81"
2023/4/1,R5/4/1,3,区部,港区,海上,3,"541,118.77"
2023/4/1,R5/4/1,8,区部,江東区,海上,19,"2,682,461.42"
2023/4/1,R5/4/1,9,区部,品川区,海上,6,"514,395.88"
2023/4/1,R5/4/1,11,区部,大田区,海上,9,"839,399.77"
2023/4/1,R5/4/1,23,区部,江戸川区,海上,1,"4,117,473.01"
